-- MySQL dump 10.13  Distrib 8.0.43, for Win64 (x86_64)
--
-- Host: 127.0.0.1    Database: banksys
-- ------------------------------------------------------
-- Server version	8.0.43

/*!40101 SET @OLD_CHARACTER_SET_CLIENT=@@CHARACTER_SET_CLIENT */;
/*!40101 SET @OLD_CHARACTER_SET_RESULTS=@@CHARACTER_SET_RESULTS */;
/*!40101 SET @OLD_COLLATION_CONNECTION=@@COLLATION_CONNECTION */;
/*!50503 SET NAMES utf8 */;
/*!40103 SET @OLD_TIME_ZONE=@@TIME_ZONE */;
/*!40103 SET TIME_ZONE='+00:00' */;
/*!40014 SET @OLD_UNIQUE_CHECKS=@@UNIQUE_CHECKS, UNIQUE_CHECKS=0 */;
/*!40014 SET @OLD_FOREIGN_KEY_CHECKS=@@FOREIGN_KEY_CHECKS, FOREIGN_KEY_CHECKS=0 */;
/*!40101 SET @OLD_SQL_MODE=@@SQL_MODE, SQL_MODE='NO_AUTO_VALUE_ON_ZERO' */;
/*!40111 SET @OLD_SQL_NOTES=@@SQL_NOTES, SQL_NOTES=0 */;

--
-- Table structure for table `account`
--

DROP TABLE IF EXISTS `account`;
/*!40101 SET @saved_cs_client     = @@character_set_client */;
/*!50503 SET character_set_client = utf8mb4 */;
CREATE TABLE `account` (
  `idaccount` int NOT NULL AUTO_INCREMENT,
  `account_type` varchar(45) NOT NULL,
  `balance` decimal(15,2) NOT NULL,
  `customer_idcustomer` int NOT NULL,
  PRIMARY KEY (`idaccount`),
  KEY `fk_account_customer_idx` (`customer_idcustomer`),
  CONSTRAINT `fk_account_customer` FOREIGN KEY (`customer_idcustomer`) REFERENCES `customer` (`idcustomer`)
) ENGINE=InnoDB AUTO_INCREMENT=298 DEFAULT CHARSET=utf8mb3;
/*!40101 SET character_set_client = @saved_cs_client */;

--
-- Dumping data for table `account`
--

LOCK TABLES `account` WRITE;
/*!40000 ALTER TABLE `account` DISABLE KEYS */;
INSERT INTO `account` VALUES (1,'saving',67591.00,1),(2,'current',54363.00,2),(3,'current',24264.00,2),(4,'saving',43768.00,3),(5,'saving',31516.00,3),(6,'current',10378.00,4),(7,'current',76944.00,4),(8,'current',22099.00,5),(9,'saving',25526.00,5),(10,'current',3808.00,6),(11,'current',26394.00,6),(12,'saving',10519.00,7),(13,'current',11714.00,8),(14,'current',44378.00,9),(15,'saving',38316.00,10),(16,'current',17634.00,10),(17,'current',75050.00,11),(18,'saving',40801.00,11),(19,'current',22523.00,12),(20,'saving',43880.00,12),(21,'saving',35931.00,13),(22,'saving',74267.00,13),(23,'saving',88102.00,14),(24,'saving',72708.00,14),(25,'saving',79814.00,15),(26,'current',94590.00,15),(27,'saving',99895.00,16),(28,'current',15259.00,17),(29,'current',36864.00,18),(30,'current',63853.00,19),(31,'current',49833.00,19),(32,'saving',44938.00,20),(33,'saving',96824.00,21),(34,'saving',19214.00,22),(35,'current',75691.00,23),(36,'current',3043.00,23),(37,'saving',7347.00,24),(38,'saving',13477.00,24),(39,'saving',60801.00,25),(40,'saving',73637.00,25),(41,'saving',7943.00,26),(42,'current',19001.00,26),(43,'saving',33210.00,27),(44,'current',79888.00,28),(45,'current',27003.00,29),(46,'current',6899.00,29),(47,'current',9354.00,30),(48,'saving',50166.00,30),(49,'current',53790.00,31),(50,'saving',37036.00,32),(51,'current',8155.00,33),(52,'current',80299.00,34),(53,'current',42531.00,35),(54,'current',71174.00,36),(55,'current',65182.00,36),(56,'current',1035.00,37),(57,'current',79650.00,38),(58,'current',94931.00,39),(59,'current',59788.00,40),(60,'saving',12333.00,40),(61,'current',24300.00,41),(62,'current',76025.00,41),(63,'current',74810.00,42),(64,'current',32192.00,43),(65,'saving',13888.00,43),(66,'current',77899.00,44),(67,'current',55250.00,44),(68,'saving',96374.00,45),(69,'current',74937.00,45),(70,'current',33727.00,46),(71,'saving',43034.00,47),(72,'current',5262.00,48),(73,'saving',21291.00,49),(74,'current',68524.00,50),(75,'saving',62992.00,51),(76,'current',77289.00,51),(77,'current',92731.00,52),(78,'current',32976.00,53),(79,'saving',36494.00,54),(80,'current',39082.00,54),(81,'saving',96034.00,55),(82,'saving',76314.00,56),(83,'current',55930.00,56),(84,'saving',27323.00,57),(85,'current',96437.00,58),(86,'current',93728.00,59),(87,'current',58230.00,59),(88,'saving',12692.00,60),(89,'saving',51008.00,60),(90,'saving',19426.00,61),(91,'saving',77913.00,62),(92,'saving',44587.00,62),(93,'current',23495.00,63),(94,'current',94414.00,64),(95,'current',31461.00,65),(96,'current',46177.00,66),(97,'current',46345.00,66),(98,'current',3989.00,67),(99,'current',92803.00,67),(100,'current',30364.00,68),(101,'saving',6665.00,69),(102,'current',28358.00,70),(103,'saving',96218.00,71),(104,'saving',9378.00,71),(105,'saving',67169.00,72),(106,'current',62224.00,73),(107,'current',61978.00,74),(108,'current',60892.00,75),(109,'current',52892.00,76),(110,'saving',89151.00,77),(111,'current',64525.00,78),(112,'saving',33203.00,79),(113,'saving',31245.00,79),(114,'saving',77265.00,80),(115,'current',32584.00,80),(116,'saving',81155.00,81),(117,'saving',22509.00,82),(118,'saving',66853.00,82),(119,'current',26598.00,83),(120,'saving',86567.00,84),(121,'saving',15424.00,84),(122,'current',35203.00,85),(123,'current',28423.00,86),(124,'current',99924.00,87),(125,'saving',10932.00,87),(126,'saving',38825.00,88),(127,'saving',54435.00,88),(128,'saving',72218.00,89),(129,'saving',16453.00,89),(130,'saving',59657.00,90),(131,'saving',80000.00,90),(132,'saving',20901.00,91),(133,'current',19805.00,91),(134,'current',45415.00,92),(135,'current',9244.00,93),(136,'current',50629.00,94),(137,'current',11337.00,95),(138,'saving',68828.00,96),(139,'saving',53905.00,96),(140,'current',47998.00,97),(141,'saving',91365.00,98),(142,'saving',6998.00,99),(143,'saving',32882.00,99),(144,'current',25119.00,100),(145,'current',73163.00,101),(146,'saving',83073.00,101),(147,'current',87307.00,102),(148,'current',11159.00,102),(149,'current',59094.00,103),(150,'saving',22381.00,104),(151,'saving',73102.00,104),(152,'saving',25179.00,105),(153,'saving',20764.00,105),(154,'current',17500.00,106),(155,'saving',78726.00,106),(156,'current',99917.00,107),(157,'saving',29035.00,107),(158,'current',71569.00,108),(159,'saving',3656.00,108),(160,'saving',80609.00,109),(161,'saving',11203.00,110),(162,'current',38389.00,110),(163,'saving',51541.00,111),(164,'current',20807.00,112),(165,'saving',92682.00,113),(166,'saving',37451.00,113),(167,'current',40814.00,114),(168,'current',62408.00,114),(169,'current',66821.00,115),(170,'saving',4697.00,116),(171,'current',12843.00,117),(172,'current',90362.00,118),(173,'saving',61562.00,118),(174,'saving',88084.00,119),(175,'saving',94614.00,120),(176,'saving',11816.00,121),(177,'saving',8948.00,122),(178,'current',91803.00,122),(179,'current',60999.00,123),(180,'current',45868.00,124),(181,'saving',63678.00,124),(182,'current',68908.00,125),(183,'current',55435.00,126),(184,'current',40852.00,127),(185,'saving',65525.00,128),(186,'saving',90290.00,128),(187,'saving',86328.00,129),(188,'saving',68137.00,129),(189,'current',90778.00,130),(190,'current',53270.00,130),(191,'saving',98308.00,131),(192,'saving',30646.00,131),(193,'saving',80752.00,132),(194,'saving',13479.00,133),(195,'saving',36279.00,133),(196,'current',36947.00,134),(197,'current',96097.00,134),(198,'current',92798.00,135),(199,'saving',88108.00,135),(200,'current',43417.00,136),(201,'saving',63591.00,137),(202,'current',63710.00,137),(203,'saving',19698.00,138),(204,'saving',13144.00,139),(205,'saving',48275.00,139),(206,'saving',50395.00,140),(207,'current',97738.00,141),(208,'saving',45270.00,141),(209,'saving',94522.00,142),(210,'current',39163.00,143),(211,'saving',58009.00,144),(212,'saving',84506.00,145),(213,'saving',41031.00,145),(214,'saving',60376.00,146),(215,'current',39882.00,147),(216,'current',63448.00,147),(217,'saving',75496.00,148),(218,'saving',12551.00,149),(219,'saving',95137.00,149),(220,'saving',41945.00,150),(221,'saving',55213.00,151),(222,'saving',86830.00,151),(223,'current',89912.00,152),(224,'saving',67926.00,152),(225,'current',62439.00,153),(226,'current',70988.00,154),(227,'saving',68190.00,154),(228,'saving',2966.00,155),(229,'current',52998.00,156),(230,'saving',37558.00,156),(231,'saving',37752.00,157),(232,'current',12549.00,157),(233,'current',74261.00,158),(234,'current',17162.00,159),(235,'saving',77102.00,159),(236,'saving',75973.00,160),(237,'current',44408.00,160),(238,'current',9378.00,161),(239,'current',7226.00,161),(240,'current',66540.00,162),(241,'current',91659.00,162),(242,'current',59572.00,163),(243,'current',1915.00,164),(244,'saving',69842.00,164),(245,'saving',73600.00,165),(246,'saving',68577.00,166),(247,'current',17102.00,167),(248,'saving',95556.00,167),(249,'saving',83978.00,168),(250,'saving',72729.00,169),(251,'saving',65791.00,170),(252,'saving',48847.00,171),(253,'current',79682.00,171),(254,'saving',64035.00,172),(255,'current',74278.00,172),(256,'current',14360.00,173),(257,'saving',29437.00,174),(258,'saving',70659.00,175),(259,'saving',51126.00,175),(260,'saving',96306.00,176),(261,'current',49866.00,177),(262,'saving',11893.00,178),(263,'saving',56494.00,179),(264,'saving',25842.00,179),(265,'current',7322.00,180),(266,'saving',59608.00,181),(267,'saving',67262.00,182),(268,'saving',14875.00,182),(269,'current',36702.00,183),(270,'saving',11074.00,184),(271,'saving',18217.00,185),(272,'current',96358.00,186),(273,'saving',38556.00,187),(274,'current',77269.00,187),(275,'current',56525.00,188),(276,'saving',32248.00,188),(277,'current',94692.00,189),(278,'saving',26073.00,189),(279,'saving',41253.00,190),(280,'saving',29462.00,191),(281,'saving',13034.00,191),(282,'saving',59826.00,192),(283,'saving',94206.00,192),(284,'current',45110.00,193),(285,'saving',15594.00,193),(286,'current',81811.00,194),(287,'current',88695.00,195),(288,'current',7441.00,195),(289,'saving',94064.00,196),(290,'saving',64795.00,196),(291,'current',77625.00,197),(292,'saving',60093.00,197),(293,'current',32082.00,198),(294,'saving',23920.00,198),(295,'saving',56853.00,199),(296,'current',76299.00,200),(297,'saving',38226.00,200);
/*!40000 ALTER TABLE `account` ENABLE KEYS */;
UNLOCK TABLES;

--
-- Table structure for table `auditors`
--

DROP TABLE IF EXISTS `auditors`;
/*!40101 SET @saved_cs_client     = @@character_set_client */;
/*!50503 SET character_set_client = utf8mb4 */;
CREATE TABLE `auditors` (
  `idauditors` int NOT NULL AUTO_INCREMENT,
  `first_name` varchar(100) NOT NULL,
  `last_name` varchar(100) NOT NULL,
  `role` varchar(45) NOT NULL,
  PRIMARY KEY (`idauditors`)
) ENGINE=InnoDB AUTO_INCREMENT=4 DEFAULT CHARSET=utf8mb3;
/*!40101 SET character_set_client = @saved_cs_client */;

--
-- Dumping data for table `auditors`
--

LOCK TABLES `auditors` WRITE;
/*!40000 ALTER TABLE `auditors` DISABLE KEYS */;
INSERT INTO `auditors` VALUES (1,'ปิยะเนตร','เกตุสีสุก','ตรวจสอบธุรกรรม'),(2,'เกตน์นิภา','เทิบพิมาย','ตรวจสอบธุรกรรม'),(3,'ทิตติยา','แซ่เฉิน','ตรวจสอบธุรกรรม');
/*!40000 ALTER TABLE `auditors` ENABLE KEYS */;
UNLOCK TABLES;

--
-- Table structure for table `customer`
--

DROP TABLE IF EXISTS `customer`;
/*!40101 SET @saved_cs_client     = @@character_set_client */;
/*!50503 SET character_set_client = utf8mb4 */;
CREATE TABLE `customer` (
  `idcustomer` int NOT NULL AUTO_INCREMENT,
  `first_name` varchar(100) NOT NULL,
  `last_name` varchar(100) NOT NULL,
  `address` varchar(255) NOT NULL,
  PRIMARY KEY (`idcustomer`)
) ENGINE=InnoDB AUTO_INCREMENT=201 DEFAULT CHARSET=utf8mb3;
/*!40101 SET character_set_client = @saved_cs_client */;

--
-- Dumping data for table `customer`
--

LOCK TABLES `customer` WRITE;
/*!40000 ALTER TABLE `customer` DISABLE KEYS */;
INSERT INTO `customer` VALUES (1,'จริยวัตร','อิศรางกูร','62 เดโช Apt. 148'),(2,'เปี่ยมเดช','หนอกนอก','36 พหลโยธิน Apt. 662'),(3,'ปวีณ์สุดา','อินทโชติ','872 พรมแดน Apt. 567'),(4,'เหน่ง','หนอกนอก','1642 ประชาทร Apt. 331'),(5,'อภิรัตน','รอดแก้ว','4 บูรพา Apt. 813'),(6,'รอฮานา','แซ่อู๋','6 ศาลธนบุรี Apt. 816'),(7,'พรประชา','แซ่เจิ้ง','8 นางลิ้นจี่ Suite 926'),(8,'กุลสิริ','งามจันทึก','9 ร่วมจิตต์ Suite 252'),(9,'นงลักษณ์','วงศ์กระโทก','127 พัฒนาชนบท 3 Suite 579'),(10,'นิรชา','แขนอก','38 มาเจริญ Suite 478'),(11,'ศรสุดา','เจียวนอก','5293 สุขาภิบาล 2 Suite 993'),(12,'ผลินนาลักษมณ์','วัชโรทัย','96 จอมทอง Suite 746'),(13,'ภรัณยู','งามค้างพลู','7960 รัชดา-รามอินทรา Suite 218'),(14,'ขวัญเนตร','หนอกพิมาย','36 หลวง Suite 349'),(15,'ณิชภูมิ','สมตระกูล','5073 บางบอน 5 Apt. 344'),(16,'อารญา','จันทรโชติ','280 เทศบาลรังสรรเหนือ Apt. 845'),(17,'ปัจมาศ','จันทรโชติ','64 หม่อมเจ้าสง่างาม สุประดิษฐ์ Apt. 803'),(18,'พงศกร','แซ่เจิ้ง','71 เฉลิมเขต 2 Apt. 285'),(19,'ภาวินี','เกตุกระโทก','8 จันทน์ Apt. 431'),(20,'สุทธิภาคย์','นรินทรกุล-มณีค้างพลู','59 พระรามที่ 6 Apt. 485'),(21,'กันตนา','ฮะมงคล','44 จารุเมือง Apt. 497'),(22,'นรรณิษา','บางพิมาย','1 สรณคมน์ Suite 679'),(23,'ภานุมาศ','หนอกจันทึก','958 สตรีวิทยา 2 Apt. 215'),(24,'ทนาวุฒิ','บางจันทึก-แซ่เจิ้ง','4 เลียบทางรถไฟสายใต้ Apt. 249'),(25,'อรรถเกียรติ','เกตุพิมาย','4 วิสุทธิกษัตริย์ Apt. 656'),(26,'บุญญฤทธิ์','มนตรีกุล','331 พรมแดน Suite 938'),(27,'พงศกร','เกตุสีสุก','89 ยี่สิบสองกรกฎาคม 5 Apt. 881'),(28,'สิริญา','แซ่หวง','5585 เลียบทางรถไฟสายใต้ Suite 564'),(29,'สุทธิณัฐ','หนอกค้างพลู','84 พิชัย Suite 704'),(30,'ณัฏฐณิชา','ปราบพล-มณีจันทึก','242 พหลโยธิน Suite 318'),(31,'ฟิรดาวส์','ชุมพล','10 กรุงเทพกรีฑา Apt. 108'),(32,'ณัฐธิดา','จินดาพล','4 สวรรคโลก Suite 135'),(33,'ธนโชติ','พลจรัส','36 คอนแวนต์ Apt. 363'),(34,'พณทรรศ','แซ่เจิ้ง-สมศักดิ์','5149 กิ่งแก้ว Suite 553'),(35,'เชิด','หนอกนอก','80 มหาจักร Suite 654'),(36,'กัลยดา','อมาตยกุล','2666 ทรัพย์ Apt. 272'),(37,'วิเชษฐ์','หนอกค้างพลู','77 บางกระดี่ Suite 754'),(38,'สมรัก','เทพหัสดิน','68 แพร่งสรรพศาสตร์ Apt. 139'),(39,'อรุณชัย','รอดแก้ว-งามจันทึก','2441 นาคราช Apt. 889'),(40,'พรปิยา','แซ่ตั้ง','62 ไทยรามัญ Suite 109'),(41,'กิตติพัทธ์','งามจันทึก','7218 สรรพาวุธ Apt. 831'),(42,'กัณฐมณี','สมตระกูล','843 มังกร Suite 351'),(43,'สมัชญา','งามจันทึก','29 รัชดาภิเษก Suite 838'),(44,'นูรีดา','เทิบนอก','87 สุทธิสารวินิจฉัย Apt. 902'),(45,'ฌาณปรีชา','เทิบจันทึก','835 อยู่เย็น Apt. 630'),(46,'ศรัณรัตน์','เทิบค้างพลู','35 สังคมสงเคราะห์ Apt. 292'),(47,'ปิยพร','วงศ์กระโทก','9268 กรุงเทพกรีฑา Suite 258'),(48,'สมัชญา','มณีจันทึก','1528 สุคันธาราม Suite 261'),(49,'กฤตยา','มณีพิมาย','731 อนันตนาค Apt. 271'),(50,'ณัชนภาพัชร์','มณีนอก','2999 นครลุง Suite 291'),(51,'สังวาล','บางสีสุก','2786 บางระมาด Suite 938'),(52,'พงศ์สัคค์','เพื่อนรักษ์','90 บึงขวาง Suite 628'),(53,'หายาตี','สุจริตกุล','5 สามวา Apt. 484'),(54,'กีรติกา','แขนอก','80 เฉลิมเขต 3 Suite 338'),(55,'เนกษ์วิชนาถ','เกตุจันทึก','5 แฮปปี้แลนด์ Apt. 631'),(56,'คุ้ง','อริยวงสกุล','58 ตีทอง Suite 441'),(57,'ปิยะเนตร','มณีสีสุก','213 มังกร Suite 145'),(58,'ปาน','เกตุกระโทก','2821 พระยาสุเรนทร์ Suite 135'),(59,'รอซาลี','พลจรัส','740 เจ้าคุณทหาร Suite 673'),(60,'นิชนันท์','ดำใส','36 แฮปปี้แลนด์ Apt. 870'),(61,'ภัทรพงษ์','ฮะมงคล','9898 พระสุเมรุ Suite 746'),(62,'มณีวรรณ','เจียวค้างพลู','9 นครสวรรค์ Apt. 875'),(63,'ณัฐพนธ์','อิศรางกูร','5 หทัยราษฎร์ Suite 566'),(64,'ธนัตถ์','หิรัญ','4 ชักพระ Suite 251'),(65,'ธนภูมิ','บางพิมาย','601 พญาไม้ Apt. 770'),(66,'ณัฐพงค์','บางกระโทก','5775 ดวงพิทักษ์ Apt. 719'),(67,'ธีรนิดา','มนตรีกุล','2163 วุฒากาศ Apt. 591'),(68,'สรัลรัตน์','เกิดกระโทก','5 สาทรใต้ Suite 993'),(69,'หนูพิศ','ศิริกุล','560 เดชะตุงคะ Apt. 419'),(70,'สิริชัย','เทพหัสดิน-หนอกสีสุก','2 บางบอน 4 Suite 283'),(71,'ชไมพร','แขจันทึก','48 พระจันทร์ Suite 503'),(72,'รุ่งฤดี','สมศักดิ์','9 กัลปพฤกษ์ Suite 538'),(73,'ศรายุทธ','กีรติวัฒนานุศาสน์','19 หทัยมิตร Apt. 100'),(74,'บวรลักษณ์','วงศ์สีสุก','2455 ปากน้ำฝั่งเหนือ Suite 407'),(75,'ชไมพร','เทิบสีสุก','48 สารสิน Apt. 116'),(76,'กัลยรัตน์','เกตุค้างพลู','751 สุรวงศ์ Suite 681'),(77,'ธัชชัย','วงศ์สีสุก','2846 สวนอ้อยซอยกลาง Suite 394'),(78,'มุรซาลีน','จินดาพล','292 สังฆประชา Apt. 204'),(79,'ณิชญา','มณีค้างพลู','843 วงศ์สว่าง Suite 629'),(80,'บุรพล','กีรติวัฒนานุศาสน์','6949 เฉลิมพระเกียรติจุฬาภรณ์ Suite 525'),(81,'กัญญารัตน์','ดำใส','549 สุทธิสารวินิจฉัย Suite 399'),(82,'สกล','แซ่อึ๊ง','459 พญาไม้ Apt. 900'),(83,'อัญมณี','สุจริตกุล','4108 ครุใน Suite 820'),(84,'ลัคนพงษ์','เจียวพิมาย','6 บ้านหม้อ Suite 269'),(85,'วันวิสา','อิศรางกูร','358 ลำไทร Apt. 872'),(86,'ดวงเดือน','งามค้างพลู','44 ศิริพงษ์ Suite 163'),(87,'พงศธร','แขนอก','874 ทวีวัฒนา-กาญจนาภิเษก Apt. 816'),(88,'สุริยวัฒน์','งามกระโทก','42 วรจักร Suite 670'),(89,'วรพรรธน์','แซ่หวง','48 สาลีรัฐวิภาค Apt. 799'),(90,'สัญญาลักษณ์','แซ่ลิ้ม','750 มไหสวรรย์ Suite 397'),(91,'อุบลรัตน์','นรินทรางกูร','169 เลียบคลองเนินทราย Suite 961'),(92,'ธนากร','โรจนกุล','99 ทุ่งมังกร Suite 376'),(93,'ณัฎฐา','มธุรส','67 งามวงศ์วาน Apt. 959'),(94,'บุรพล','จันทโชติ','458 บางเชือกหนัง Apt. 749'),(95,'ชนิธาดา','นรินทรกุล','885 ราษฎร์อุทิศ Apt. 140'),(96,'วีณา','ชาญโลหะ','66 พาหุรัด Suite 853'),(97,'ณัฐวดี','แขจันทึก','6063 ทวีวัฒนา-กาญจนาภิเษก Apt. 193'),(98,'ธนพล','วงศ์นอก','212 คู้บอน Suite 379'),(99,'อภิชาติ','ดำใส','14 สังคมสงเคราะห์ Apt. 295'),(100,'โยธิการ์','แขสีสุก','7 ข้าวหลาม Apt. 665'),(101,'อัญมณี','ณ นคร','5 นิคมมักกะสัน Apt. 538'),(102,'วิทย์พงศ์','แขสีสุก','97 เลียบคลองภาษีเจริญฝั่งใต้ Apt. 525'),(103,'อัญญารัตน์','งามสีสุก','25 บางนา-ตราด Suite 630'),(104,'นพมาศ','งามค้างพลู','3214 พระพิพิธ Suite 878'),(105,'ออย','เจียวกระโทก','4559 สวรรคโลก Apt. 707'),(106,'ณฤภณ','แซ่หวง-เกิดกระโทก','814 ท่าข้าม Suite 210'),(107,'อัศวรักษ์','ฮะมงคล-เทิบจันทึก','222 โยธา 1 Suite 308'),(108,'ศศินา','แขนอก','3 มหาจักร Suite 835'),(109,'นัจพรรณ','วารีศรี','7077 หลักเมือง Apt. 215'),(110,'สุขประวีณ์','แขสีสุก','96 ยี่สิบสองกรกฎาคม 2 Suite 817'),(111,'ซุกรี','มณีสีสุก','16 คลองถมวัดสระเกศ Suite 331'),(112,'ปาพจน์','หนอกนอก','303 นิคมมักกะสัน Apt. 823'),(113,'สุรเชษฐ','แซ่หลิน','34 ทวีวัฒนา Suite 281'),(114,'ซันนีย๊ะ','บางจันทึก','28 เทศบาลรังสฤษดิ์เหนือ Suite 871'),(115,'ยารอน๊ะ','หยูด้วง','3484 อังรีดูนังต์ Suite 558'),(116,'ปวันรัตน์','วงศ์สีสุก','25 ฉลองกรุง Suite 992'),(117,'กรณ์','แซ่หลิน','2664 หลักเมือง Suite 349'),(118,'นิชนันท์','เจียวค้างพลู','8614 พัฒน์พงศ์ Apt. 142'),(119,'สุไลมาน','โรจนกุล','93 วัชรพล Suite 783'),(120,'รัชนิดา','แขค้างพลู','6 ยี่สิบสองกรกฎาคม 1 Apt. 565'),(121,'กมลศรี','พลจรัส','3 นาคนิวาส Suite 394'),(122,'วริสรา','บางพิมาย','4 พระรามที่ 4 Apt. 859'),(123,'ธนพล','เพื่อนรักษ์','94 นครสวรรค์ Apt. 729'),(124,'พรวันเพ็ญ','บุนนาค','453 รัชดาภิเษก Apt. 166'),(125,'จันทิมา','หิรัญ-ศิริกุล','6 กรุงเทพกรีฑา Suite 774'),(126,'ศิธร','วงศ์ค้างพลู','17 แฮปปี้แลนด์ Suite 173'),(127,'รุสดา','บางนอก','7 มไหสวรรย์ Suite 691'),(128,'ภัณภิรา','บางสีสุก','11 ลาดพร้าว Apt. 349'),(129,'ศิริโฉม','วารีศรี','676 อังรีดูนังต์ Apt. 796'),(130,'พาดีฮะ','สมุทบาล-เกิดสีสุก','82 สาธุประดิษฐ์ Suite 541'),(131,'รัตติยากร','เกตุค้างพลู','8991 สรรพาวุธ Apt. 545'),(132,'โสฬส','เกตุสีสุก','753 เทศบาลนิมิตใต้ Apt. 754'),(133,'พิมพ์นภา','เจษฎางกูร','866 เฉลิมเขต 3 Apt. 949'),(134,'เหน่ง','หยูด้วง','11 หน้าพระลาน Suite 914'),(135,'เอกชน','เกิดค้างพลู','23 แก้ว Apt. 441'),(136,'ภัคจิรา','เจียวสีสุก','932 วงแหวนอุตสาหกรรม Suite 363'),(137,'ปัจมาศ','เทิบนอก','229 เทศบาลรังรักษ์ใต้ Apt. 822'),(138,'ปิยะชัย','หนอกค้างพลู','976 หน้าหับเผย Suite 446'),(139,'นฤทธิ์สุนทร','หนอกสีสุก','61 สตรีวิทยา 2 Apt. 182'),(140,'จุไรรัตน์','พลจรัส','23 สีหบุรานุกิจ Suite 861'),(141,'วิเชษฐ์','งามนอก','6 แก้วเงินทอง Suite 599'),(142,'ซีตีรอกีเยาะ','เจียวสีสุก','1 พระพิพิธ Suite 277'),(143,'เรวดี','เกิดกระโทก','914 บางพรม Apt. 293'),(144,'ฐาปกรณ์','เทิบพิมาย','6 เลียบคลองสอง Apt. 259'),(145,'เมทินี','วงศ์กระโทก','4048 บางบอน 2 Apt. 754'),(146,'สุรศักดิ์','เทิบจันทึก','6 วิทยุ Suite 250'),(147,'เปลี่ยน','จันทโชติ','5 กลันตัน Suite 762'),(148,'ต่วนนูรียะห์','มณีสีสุก','28 พุทธมณฑล สาย 1 Suite 345'),(149,'อภิลักษณ์','รอดแก้ว','6296 หลวงแพ่ง Suite 279'),(150,'พรชาย','มณีกระโทก','8 สุดประเสริฐ Suite 939'),(151,'บุญทอน','หนอกจันทึก','5368 หลานหลวง Suite 523'),(152,'สุพัตรา','บุนนาค-บางนอก','6343 สตรีวิทยา 2 Apt. 450'),(153,'จรรญาทิพย์','อินทโชติ','987 เยาวราช Suite 781'),(154,'จิระพงศ์','วงศ์กระโทก','52 ตะนาว Suite 443'),(155,'อมลวรรณ','วัชโรทัย','844 เจริญนคร Apt. 951'),(156,'ณัฐธิณีภรณ์','นรินทรกุล','7 นครปฐม Apt. 256'),(157,'สุพัฒนา','พลจรัส','49 กรุงเกษม Suite 285'),(158,'ชลลดา','แซ่หลี่','4823 บุรีภิรมย์ Apt. 549'),(159,'สอ','ศิริกุล','4984 สรณคมน์ Apt. 197'),(160,'นิชาภา','อินทโชติ','73 มไหสวรรย์ Suite 320'),(161,'ชวนากร','บางจันทึก','233 อนามัยงามเจริญ Suite 216'),(162,'ทนาวุฒิ','แซ่โง้ว-บางนอก','459 อโศกมนตรี Apt. 581'),(163,'นสิตา','วงศ์ค้างพลู','1897 ริมคลองประปาฝั่งซ้าย Suite 240'),(164,'จุฑาพัตธน์','กีรติวัฒนานุศาสน์','687 ลาดหญ้า Apt. 370'),(165,'ภัณภิรา','บางนอก','7 ยมราชสุขุม Suite 642'),(166,'จุฑาทิพย์','บุรณศิริ','705 ทางรถไฟสายเก่าปากน้ำ Apt. 974'),(167,'กฤติยาณี','มนตรีกุล','5 ไมตรีจิตต์ Suite 408'),(168,'กิติยา','เกิดสีสุก','389 สตรีวิทยา 2 Suite 496'),(169,'ฮานาน','เพื่อนรักษ์','768 คู้-คลองสิบ Apt. 564'),(170,'ฮานาฟี','อินทโชติ','2579 ปั้น Suite 479'),(171,'ปาพจน์','งามกระโทก','2983 โกสุมรวมใจ Apt. 826'),(172,'พิรานันท์','งามพิมาย-วงศ์สีสุก','7 สุพรรณ Suite 403'),(173,'ภัททิรา','วงศ์กระโทก','653 จรัสเวียง Apt. 151'),(174,'ณัฐฐานันท์','วงศ์พิมาย','52 บำรุงเมือง Apt. 551'),(175,'ธนาภัทร','เกิดกระโทก','9960 ริมคลองประปาฝั่งซ้าย Apt. 261'),(176,'นภัสกร','จันทรโชติ','5620 บางกระดี่ Suite 350'),(177,'รณกฤต','สุจริตกุล','1792 มหาจักร Apt. 759'),(178,'สุชารัตน์','งามพิมาย','395 ร่วมจิตต์ Apt. 899'),(179,'พีรภาส','จันทรโชติ','7387 บางแค Apt. 912'),(180,'จารุวรรณ','จินดาพล','85 หลักเมือง Apt. 970'),(181,'นัฐพร','งามกระโทก','71 ศรีบูรพา Apt. 615'),(182,'เปลี่ยน','โรจนกุล','6938 มิตรภาพไทย-จีน Apt. 661'),(183,'อกัณห์','บุรณศิริ','2 กำแพงเพชร 6 Suite 943'),(184,'สุชาดา','เกิดพิมาย','57 ยุคล 1 Apt. 882'),(185,'กรินท์','เกตุค้างพลู','8 ตานี Apt. 979'),(186,'อรพรรณ','ฮะมงคล','46 ลำมะเขือขื่น Suite 370'),(187,'ดนุภัทร','อิศรางกูร','974 เคหะร่มเกล้า Apt. 767'),(188,'อติกานต์','หนอกจันทึก','4 ร่วมจิตต์ Suite 196'),(189,'ณัฐธิดา','อิศรางกูร','9516 อุทยาน Apt. 473'),(190,'จิระภัทร','เกตุจันทึก','6 นวมินทร์ Apt. 337'),(191,'อัลวีณา','เจียวกระโทก','1 พัฒนาชนบท 2 Suite 646'),(192,'กัณฐมณี','จันทโชติ','50 สีลม Apt. 772'),(193,'กันตพร','สมตระกูล','5 สารีบุตร-ทับยาว Suite 497'),(194,'ปณิชา','ณ ป้อมเพชร','9 จตุโชติ Apt. 648'),(195,'อารี','วงศ์กระโทก','560 คู้-คลองสิบ Apt. 256'),(196,'แพรพรรณ','รอดแก้ว','7 สุขุมวิท 71 Suite 482'),(197,'สุไฮลัน','กีรติวัฒนานุศาสน์','7186 ลาดพร้าว Apt. 663'),(198,'ฑิตฐิตา','มนตรีกุล','2596 สวนสยาม Suite 754'),(199,'วลัทยา','มนตรีกุล','9503 ลำพูนไชย Apt. 389'),(200,'วรินทร','มณีนอก','5 เจ้าคำรบ Apt. 303');
/*!40000 ALTER TABLE `customer` ENABLE KEYS */;
UNLOCK TABLES;

--
-- Table structure for table `employees`
--

DROP TABLE IF EXISTS `employees`;
/*!40101 SET @saved_cs_client     = @@character_set_client */;
/*!50503 SET character_set_client = utf8mb4 */;
CREATE TABLE `employees` (
  `idemployees` int NOT NULL AUTO_INCREMENT,
  `first_name` varchar(100) NOT NULL,
  `last_name` varchar(100) NOT NULL,
  `position` varchar(45) NOT NULL,
  `username` varchar(45) NOT NULL,
  `password` varchar(255) NOT NULL,
  PRIMARY KEY (`idemployees`)
) ENGINE=InnoDB AUTO_INCREMENT=61 DEFAULT CHARSET=utf8mb3;
/*!40101 SET character_set_client = @saved_cs_client */;

--
-- Dumping data for table `employees`
--

LOCK TABLES `employees` WRITE;
/*!40000 ALTER TABLE `employees` DISABLE KEYS */;
INSERT INTO `employees` VALUES (1,'สมบัติ','งามจันทึก','IT','user1','pass1'),(2,'ปวันรัตน์','เกิดค้างพลู','Teller','user2','pass2'),(3,'กนกวรรณ','แซ่เจิ้ง','Teller','user3','pass3'),(4,'นันท์ธนา','ฮะมงคล','Manager','user4','pass4'),(5,'พลอยวรินทร์','ณ ป้อมเพชร-เจียวค้างพลู','Teller','user5','pass5'),(6,'อิบนิลอายาด','บางค้างพลู','Teller','user6','pass6'),(7,'กันตพร','นรินทรกุล','Manager','user7','pass7'),(8,'สายชล','เจียวค้างพลู','IT','user8','pass8'),(9,'ณฐพร','มณีจันทึก','Teller','user9','pass9'),(10,'ป๋วย','เทิบพิมาย','Teller','user10','pass10'),(11,'ธีทัชฐ์','เจียวจันทึก','IT','user11','pass11'),(12,'กรรณิการ์','เจษฎางกูร','IT','user12','pass12'),(13,'วรพรรธน์','เกตุกระโทก','IT','user13','pass13'),(14,'รัชฎาบูรณ์','แซ่โง้ว','Manager','user14','pass14'),(15,'ธนภัทร์','ชุมพล','IT','user15','pass15'),(16,'ธนัตถ์','จันทรโชติ','Manager','user16','pass16'),(17,'อารญา','เกิดค้างพลู','IT','user17','pass17'),(18,'ปาริเยศ','แซ่หลิน-เกิดพิมาย','Teller','user18','pass18'),(19,'วิจิตร','งามจันทึก','IT','user19','pass19'),(20,'วัชรีวรรณ','งามค้างพลู','Manager','user20','pass20'),(21,'เอมมิกา','อริยวงสกุล','Teller','user1','pass1'),(22,'ณัฏฐณิชา','โรจนกุล','Teller','user2','pass2'),(23,'ธำรงชัย','แขกระโทก','Teller','user3','pass3'),(24,'ปัจมาศ','บางพิมาย','IT','user4','pass4'),(25,'กัญชพร','แขนอก','Teller','user5','pass5'),(26,'อริญา','หนอกค้างพลู','IT','user6','pass6'),(27,'มธุรดา','บางพิมาย','Manager','user7','pass7'),(28,'วริสรา','หนอกจันทึก','Teller','user8','pass8'),(29,'แอนนา','เกตุพิมาย','IT','user9','pass9'),(30,'สหัสวรรษ','จันทรโชติ-เกิดค้างพลู','IT','user10','pass10'),(31,'พิทักษ์','สมศักดิ์','IT','user11','pass11'),(32,'อลงกรณ์','มณีกระโทก','Manager','user12','pass12'),(33,'มณีวรรณ','หนอกพิมาย','IT','user13','pass13'),(34,'ซูฟยัน','อินทโชติ','IT','user14','pass14'),(35,'ปิยะ','มณีกระโทก','Manager','user15','pass15'),(36,'เพชรรุ้ง','ปราบพล','IT','user16','pass16'),(37,'โชคอำนวย','กีรติวัฒนานุศาสน์','IT','user17','pass17'),(38,'วลัทยา','พลจรัส','IT','user18','pass18'),(39,'สุวรรณรัตน์','เจษฎางกูร','IT','user19','pass19'),(40,'ปิยพร','เกิดจันทึก','Manager','user20','pass20'),(41,'วุฒชริน','อินทโชติ','IT','user1','pass1'),(42,'ธนฉัตร','สมตระกูล','IT','user2','pass2'),(43,'ศุภชัย','วงศ์ค้างพลู-แขค้างพลู','IT','user3','pass3'),(44,'บุศญารัตน์','จินดาพล','Manager','user4','pass4'),(45,'ชยุต','แขนอก-ฮะมงคล','Manager','user5','pass5'),(46,'ปศานนท์','วงศ์ค้างพลู','Teller','user6','pass6'),(47,'กิตติพงค์','งามสีสุก','IT','user7','pass7'),(48,'เตชพัฒน์','เทิบพิมาย','Teller','user8','pass8'),(49,'อัคคเดนาย','อิศรางกูร','IT','user9','pass9'),(50,'นิมุ','งามจันทึก','Manager','user10','pass10'),(51,'ฮาลีม๊ะห์','วงศ์ค้างพลู','IT','user11','pass11'),(52,'มารีแย','บุนนาค','IT','user12','pass12'),(53,'มงคลสิษฐ์','เจียวสีสุก','Manager','user13','pass13'),(54,'ธัชพงศ์','หิรัญ','Teller','user14','pass14'),(55,'ประภาพร','วงศ์กระโทก','Teller','user15','pass15'),(56,'ศันสนะ','แขนอก','Manager','user16','pass16'),(57,'ชานน','งามค้างพลู','Manager','user17','pass17'),(58,'ขจิตลักษณ์','บางจันทึก','Teller','user18','pass18'),(59,'กัญญณภัส','บางค้างพลู','IT','user19','pass19'),(60,'ปริญสิรา','กีรติวัฒนานุศาสน์','IT','user20','pass20');
/*!40000 ALTER TABLE `employees` ENABLE KEYS */;
UNLOCK TABLES;

--
-- Table structure for table `report`
--

DROP TABLE IF EXISTS `report`;
/*!40101 SET @saved_cs_client     = @@character_set_client */;
/*!50503 SET character_set_client = utf8mb4 */;
CREATE TABLE `report` (
  `idreport` int NOT NULL AUTO_INCREMENT,
  `status` varchar(20) NOT NULL,
  `note` text,
  `auditors_idauditors` int NOT NULL,
  `transaction_idtransaction` int NOT NULL,
  PRIMARY KEY (`idreport`),
  KEY `fk_report_auditors1_idx` (`auditors_idauditors`),
  KEY `fk_report_transaction1_idx` (`transaction_idtransaction`),
  CONSTRAINT `fk_report_auditors1` FOREIGN KEY (`auditors_idauditors`) REFERENCES `auditors` (`idauditors`),
  CONSTRAINT `fk_report_transaction1` FOREIGN KEY (`transaction_idtransaction`) REFERENCES `transactions` (`idtransactions`)
) ENGINE=InnoDB AUTO_INCREMENT=877 DEFAULT CHARSET=utf8mb3;
/*!40101 SET character_set_client = @saved_cs_client */;

--
-- Dumping data for table `report`
--

LOCK TABLES `report` WRITE;
/*!40000 ALTER TABLE `report` DISABLE KEYS */;
INSERT INTO `report` VALUES (1,'rejected','Asporto vigor cibus apto venia animus deduco.',3,1),(2,'approved','Bibo animus amitto apostolus benevolentia.',3,2),(3,'rejected','Corroboro eius patruus repellendus nemo truculenter caries.',2,3),(4,'pending','Assentator amet comptus.',2,4),(5,'pending','Suadeo pecco at ut ulciscor.',2,5),(6,'approved','Terminatio vivo benevolentia adipisci.',1,6),(7,'pending','Abduco dens deduco vaco utilis quaerat timidus ventito crebro ademptio.',3,7),(8,'approved','Peccatus comminor vereor.',3,8),(9,'pending','Vos aequitas combibo amissio supplanto certe quod tepidus corrumpo totus.',3,9),(10,'rejected','Incidunt tergo inflammatio aliquid sol solum viduo id cinis.',1,10),(11,'rejected','Dens adhaero cui auxilium amiculum.',3,11),(12,'pending','Currus suscipio tantum saepe venia aspicio id campana cubo super.',2,12),(13,'approved','Undique trado textus nesciunt uxor.',3,13),(14,'pending','Taedium deduco appono coniecto.',3,14),(15,'approved','Sunt vulticulus subnecto credo timor audio tollo derelinquo abundans totus.',1,15),(16,'approved','Solium admoneo xiphias volubilis vacuus.',2,16),(17,'pending','Vulgo mollitia consuasor compello coepi.',1,17),(18,'pending','Tepesco velit sunt somniculosus deficio dicta somniculosus conculco voveo.',2,18),(19,'pending','Arx deporto bibo dolor nisi volva utroque cimentarius conscendo.',1,19),(20,'rejected','Taceo tenax decumbo adamo.',1,20),(21,'approved','Aiunt correptius tot comminor eveniet apto.',2,21),(22,'pending','Tempora cohors cupio.',3,22),(23,'pending','Volaticus corrigo amoveo defungo amiculum peior.',1,23),(24,'approved','Ter voluptates civitas tero demonstro conatus somniculosus crinis commemoro.',3,24),(25,'approved','Tubineus provident vis corona.',3,25),(26,'approved','Tepesco avaritia tibi varietas studio conspergo.',2,26),(27,'rejected','Aiunt compono sursum tutamen.',3,27),(28,'approved','Bardus coruscus abbas arca tenetur.',1,28),(29,'rejected','Viriliter sublime conicio tenax.',3,29),(30,'pending','Amiculum caste auditor.',2,30),(31,'pending','Benevolentia tantum valde callide benigne surgo adnuo tempore cum.',2,31),(32,'approved','Aggredior baiulus undique.',3,32),(33,'approved','Iusto comitatus alias.',2,33),(34,'rejected','Taedium aveho cur baiulus degero est.',2,34),(35,'rejected','Socius curiositas suus spectaculum thorax appello caveo coerceo vaco.',1,35),(36,'pending','Demo officia vindico.',1,36),(37,'approved','Atavus curia comptus decimus suus coruscus venia tondeo quis.',3,37),(38,'approved','Antepono caelum cursus ago assentator agnitio deputo voluptatum.',3,38),(39,'pending','Molestias substantia aqua conservo surculus adsidue.',1,39),(40,'approved','Cena vindico laudantium antiquus admitto.',3,40),(41,'rejected','Aiunt tepesco calamitas.',2,41),(42,'pending','Complectus amissio cinis adficio ustulo.',3,42),(43,'rejected','Veritatis vomito alii ager ceno corona triumphus torqueo vigor.',1,43),(44,'rejected','Nihil calcar cur copiose cunctatio quidem volubilis casso cubo.',2,44),(45,'rejected','Ipsam soluta terebro aliquid.',2,45),(46,'approved','Eveniet cribro bis utilis autem uberrime tenuis avarus tyrannus summisse.',1,46),(47,'pending','Voluptatibus infit debitis facere cogo.',1,47),(48,'pending','Suadeo fuga denuo tenuis dens stultus.',1,48),(49,'approved','Clamo subvenio beatus canis velit cetera facilis.',2,49),(50,'pending','Conitor demonstro accusator.',1,50),(51,'pending','Amiculum una chirographum stabilis canto defendo.',1,51),(52,'pending','Ex demens thorax aeneus concido truculenter autem temporibus iusto.',3,52),(53,'approved','Tum terra capio.',1,53),(54,'approved','Ullam conscendo perferendis alveus subvenio volutabrum volubilis corporis ulciscor.',3,54),(55,'approved','Cimentarius aperio creator amita quam admoneo sequi admoneo.',3,55),(56,'pending','Demum cunctatio ea suppono quis derideo turbo absum communis.',2,56),(57,'rejected','Currus suppono urbanus corrumpo totus.',2,57),(58,'pending','Tum cum pauper aro calamitas vos caries.',2,58),(59,'approved','Contigo cetera thermae tenetur dedico canonicus curso aestas collum vociferor.',2,59),(60,'approved','Velit capio tondeo.',3,60),(61,'pending','Cruciamentum cupiditate aestus arbor defetiscor dens tyrannus.',3,61),(62,'approved','Tres apparatus velum facere.',2,62),(63,'approved','Convoco conturbo thema cur.',1,63),(64,'rejected','Explicabo comminor coma teneo tollo armarium absque degenero blanditiis angustus.',3,64),(65,'approved','Sublime suscipio atqui caveo aspicio debeo supra accommodo aegre.',2,65),(66,'approved','Valde depono soleo adipisci vox accedo autus ante.',3,66),(67,'pending','Cultellus benevolentia sto adficio vilicus.',1,67),(68,'approved','Vapulus attollo claro traho voluptatibus hic degenero bellum.',1,68),(69,'rejected','Patrocinor ascisco tremo territo aeger utilis.',3,69),(70,'pending','Absum articulus statua canonicus tamdiu ubi.',3,70),(71,'approved','Trucido solio tergum advoco labore acerbitas.',2,71),(72,'approved','Torqueo depulso strenuus aeneus.',2,72),(73,'rejected','Cernuus conicio architecto balbus.',1,73),(74,'rejected','Vere conor volva atrocitas caute nulla vesper arcesso.',2,74),(75,'pending','Vilicus casso vociferor adsidue clarus tracto vilicus utpote.',1,75),(76,'approved','Odit strenuus ante ter ascit arca cupressus.',1,76),(77,'approved','Veniam eveniet sulum aedificium supplanto admoveo clamo curatio combibo suffoco.',2,77),(78,'rejected','Viriliter viridis coadunatio vis abutor tenus id.',1,78),(79,'approved','Allatus defungo somnus animadverto volubilis subiungo approbo terga urbs pecco.',2,79),(80,'rejected','Armarium crustulum aegre arcus.',1,80),(81,'rejected','Venio caecus cur thermae eos verecundia ipsam pectus ater denuncio.',2,81),(82,'approved','Vicinus quam curto dicta causa theatrum triduana deripio denuncio coruscus.',2,82),(83,'approved','Demitto adeo deludo aliquam.',3,83),(84,'rejected','Nihil theca cunae terebro.',1,84),(85,'pending','Vesica tempus aspicio pariatur cattus canonicus iusto urbanus eum.',1,85),(86,'pending','Venio cupiditate sint vulgivagus alter expedita trucido alveus.',3,86),(87,'pending','Bestia necessitatibus desipio theologus tyrannus.',1,87),(88,'pending','Subnecto benevolentia repellat.',3,88),(89,'rejected','Amoveo numquam audentia urbs terga.',3,89),(90,'rejected','Textus sopor consectetur pax denique.',3,90),(91,'rejected','Tubineus quod degusto despecto totidem taceo audio desidero.',1,91),(92,'pending','Casso creta thymbra.',2,92),(93,'pending','Sono defetiscor censura desidero coadunatio cogito.',1,93),(94,'pending','Curso confugo adulatio omnis avarus cavus sodalitas communis cruciamentum.',2,94),(95,'rejected','Eius amicitia valeo conscendo celo.',2,95),(96,'pending','Totam arto ager attollo commodi vito facere admoneo.',3,96),(97,'rejected','Tollo adulescens autus verbum suscipit temperantia asper accedo dolore appello.',1,97),(98,'approved','Bene conturbo alter amplitudo tibi sed demoror aequitas amet suus.',2,98),(99,'pending','Cupio tempus arbustum asporto pecto cognomen aestus comedo iure.',3,99),(100,'approved','Denuo animadverto tenus subnecto.',1,100),(101,'approved','Coniuratio demo terebro termes triduana adaugeo magnam.',1,101),(102,'approved','Depulso adsidue conturbo cattus calcar deleniti suppono amplus ara spes.',1,102),(103,'pending','Adsidue comminor aurum neque curia aliquam.',1,103),(104,'approved','Utique annus decimus canto trans vomer.',2,104),(105,'pending','Voro cupiditas spoliatio tolero ago ratione dolore.',2,105),(106,'approved','Adhaero aegrus atque vigor iusto vereor aufero terra conatus.',2,106),(107,'pending','Toties illum volo cotidie termes artificiose vita admoveo expedita dolorum.',3,107),(108,'approved','Veniam bonus audio aptus volup defero.',1,108),(109,'rejected','Usque crinis claustrum damnatio.',1,109),(110,'approved','Tubineus custodia via debilito repellat umbra.',1,110),(111,'rejected','Vinitor autus averto arguo artificiose.',3,111),(112,'pending','Vero cumque distinctio voluptatem substantia voco.',3,112),(113,'rejected','Spiculum dedico deduco atavus claro.',2,113),(114,'rejected','Atque angulus caries.',1,114),(115,'pending','Arbitro cervus celo adulescens vesica a vomica comminor natus.',3,115),(116,'rejected','Ullam defero illum solio labore absconditus decretum corrupti.',3,116),(117,'rejected','Accusamus pauper occaecati coaegresco.',2,117),(118,'approved','Virgo attollo animus abbas suscipio illum corrumpo sufficio templum adsuesco.',1,118),(119,'rejected','Subiungo supra cernuus.',3,119),(120,'approved','Stella cotidie ambulo auctus adfero aperio.',2,120),(121,'pending','Apparatus optio depono cura amo claro vulgo depono.',3,121),(122,'pending','Sumptus stultus torqueo vespillo.',2,122),(123,'approved','Assentator et vester tredecim coerceo venia bestia delego sumptus depromo.',3,123),(124,'rejected','Aiunt aggero tabella aestus caput anser cubicularis ipsa.',3,124),(125,'rejected','Crapula ipsam dedecor.',1,125),(126,'pending','Facere theologus beneficium adulatio itaque voluptate demum.',3,126),(127,'rejected','Totidem laboriosam consequuntur carcer amitto volaticus conculco.',1,127),(128,'pending','Tener tollo vicissitudo avarus volaticus aliquam atavus stultus.',1,128),(129,'pending','Timor vivo theca usus officiis creator doloribus curso.',3,129),(130,'pending','Dolor carpo vestigium solio.',2,130),(131,'pending','Capitulus sono cado articulus ventosus non.',2,131),(132,'approved','Deprimo solio vesco coniuratio somniculosus.',1,132),(133,'rejected','Cena caries ulterius cilicium cogito concedo trado.',1,133),(134,'approved','Tui pecco urbs convoco cilicium urbanus calco.',2,134),(135,'approved','Talis adicio corpus vitiosus acies comburo cado creta.',1,135),(136,'pending','Vulariter aurum acsi depulso esse excepturi via tum synagoga aperiam.',1,136),(137,'rejected','Quaerat demum combibo curto.',2,137),(138,'rejected','Deporto ullus culpa.',2,138),(139,'approved','Delicate cometes valeo ante virga vado vorax vacuus adamo circumvenio.',3,139),(140,'approved','Bestia uter acerbitas suscipio solio.',3,140),(141,'rejected','Praesentium terreo uredo.',3,141),(142,'rejected','Succedo administratio tamdiu cariosus.',3,142),(143,'rejected','Vulgaris suscipio cras magnam voro voluptas tego.',1,143),(144,'approved','Commemoro verecundia appono voluptatum.',2,144),(145,'pending','Volo thymum doloribus demum cognomen torqueo stabilis.',3,145),(146,'rejected','Carus caveo basium crux cui sub colligo cauda.',3,146),(147,'rejected','Sordeo crebro adhuc quas absum callide porro velum reiciendis.',3,147),(148,'pending','Tandem compello taedium texo.',2,148),(149,'rejected','Decretum eum sortitus conspergo deleo succedo vilis sed coerceo odit.',2,149),(150,'pending','Et sui colo apparatus bos vallum aestus veritatis statim.',1,150),(151,'pending','Sollers cubo confugo acidus id decumbo deludo acies ascisco.',2,151),(152,'rejected','Cubitum coaegresco adeptio depono culpo conspergo pecus ea arbustum.',3,152),(153,'rejected','Defessus conforto corona.',3,153),(154,'pending','Cilicium ceno autem.',2,154),(155,'rejected','Placeat xiphias asper capto curis certe.',2,155),(156,'pending','Una torrens quae voluptas quam anser apto eaque auctor.',3,156),(157,'pending','Cognomen commemoro umerus stabilis amissio celer.',1,157),(158,'rejected','Cruciamentum civis viscus suffoco truculenter saepe tribuo tutis.',3,158),(159,'approved','Arcesso angulus ambitus voveo triumphus degenero copia depraedor.',1,159),(160,'pending','Tabula canis delectatio vinum usus surgo caput.',1,160),(161,'pending','Decipio charisma velut.',2,161),(162,'rejected','Creta suus acidus vitae vociferor sed sollers acquiro.',1,162),(163,'rejected','Attero illum voluptatibus aiunt vere curis uterque versus socius.',2,163),(164,'approved','Delego terra adopto abscido vilicus canis doloremque sui.',2,164),(165,'pending','Tero somniculosus cumque voco occaecati.',1,165),(166,'rejected','Aperiam denego pecto vetus crudelis.',1,166),(167,'rejected','Clamo auditor tepidus demergo facilis congregatio conicio verumtamen.',3,167),(168,'rejected','Aliquid capillus comes cerno tero coadunatio adfectus censura.',2,168),(169,'rejected','Talio dedecor vir stultus perspiciatis autem spes adduco volubilis vergo.',1,169),(170,'pending','Tabula vinum comedo sapiente.',3,170),(171,'pending','Appello nam tamquam cubitum stillicidium tardus cavus curiositas.',2,171),(172,'pending','Cultura blandior capitulus repudiandae molestiae surculus.',3,172),(173,'approved','Velum suppono vesper sed comburo vorax cavus.',1,173),(174,'approved','Mollitia peior excepturi corpus taedium officiis sumptus.',3,174),(175,'pending','Cupiditas veritatis defaeco officia similique deleniti conduco odit comprehendo.',1,175),(176,'rejected','Demonstro consequuntur vis ait doloribus tubineus peior.',3,176),(177,'rejected','Bonus audax sperno conicio.',2,177),(178,'pending','Venio aranea apud textor.',1,178),(179,'pending','Asporto antea vulticulus defetiscor.',1,179),(180,'rejected','Vestigium ver vesica decor quasi arguo advoco comptus coniecto.',2,180),(181,'pending','Denique delinquo animus possimus canis sublime.',3,181),(182,'approved','Attero concedo laborum compello amplus apparatus volva.',3,182),(183,'approved','Suus arca varietas dedico collum.',2,183),(184,'approved','Commodi contigo corpus delectus.',3,184),(185,'rejected','Abundans claudeo caelum tepidus textus.',3,185),(186,'approved','Iusto verecundia exercitationem careo sequi.',2,186),(187,'pending','Vitae cogito tamisium universe.',2,187),(188,'pending','Approbo carmen curriculum incidunt torqueo creator vomer alo.',3,188),(189,'rejected','Crastinus asporto quaerat placeat baiulus acceptus concedo.',2,189),(190,'pending','Minus illum depraedor.',2,190),(191,'approved','Depereo ager desolo ex.',1,191),(192,'pending','Asper tergo patria.',2,192),(193,'rejected','Conscendo cupressus rem velociter enim.',2,193),(194,'approved','Spero xiphias magni comptus caecus tubineus.',1,194),(195,'pending','Censura absens thorax colo arto.',3,195),(196,'pending','Tristis cauda tergiversatio.',2,196),(197,'pending','Via amitto quae deleniti aequitas.',2,197),(198,'rejected','Vobis accusamus officia temptatio amplitudo comptus aeternus derideo conculco.',2,198),(199,'rejected','Bos spiculum votum.',2,199),(200,'pending','Terror acerbitas volubilis autem caput.',1,200),(201,'rejected','Consectetur debeo inflammatio adipisci amaritudo.',3,201),(202,'pending','Vita appello deprecator.',2,202),(203,'approved','Degusto causa apostolus caecus baiulus.',1,203),(204,'pending','Arto terror spero auctor infit libero demo.',1,204),(205,'approved','Auditor magnam delego totidem.',3,205),(206,'pending','Tantum tricesimus cinis cervus fugiat cohibeo tabella.',3,206),(207,'approved','Cunabula alo at rerum.',2,207),(208,'pending','Pauci degenero summa terror curriculum torqueo.',1,208),(209,'rejected','Curso talis approbo odio canto claustrum dolor.',1,209),(210,'pending','Vulpes laboriosam somnus auctor coruscus.',3,210),(211,'approved','Conitor ademptio arx trepide amor viscus recusandae abbas accendo.',2,211),(212,'pending','Demens verecundia valde aduro abscido quisquam.',2,212),(213,'pending','Spargo adimpleo adduco abundans vapulus unus comitatus annus arcus amplexus.',1,213),(214,'pending','Amicitia vulgo tempore crebro calamitas cubicularis.',2,214),(215,'pending','Vilitas crur tot tametsi calamitas deputo arcus.',1,215),(216,'approved','Video officiis solum officia.',2,216),(217,'pending','Totus usque arceo corrumpo sto.',3,217),(218,'pending','Vindico calamitas dapifer aegre.',3,218),(219,'rejected','Decipio attonbitus stipes totus virga ustilo.',2,219),(220,'approved','Demens certus ascit deludo.',2,220),(221,'rejected','Coerceo cenaculum ustulo atrocitas deduco caute delectatio constans depopulo deleo.',1,221),(222,'approved','Thorax placeat urbanus textor vulticulus aveho tendo.',1,222),(223,'rejected','Communis illum sum apostolus cetera speculum.',2,223),(224,'rejected','Umquam vehemens aggero agnosco acervus.',1,224),(225,'approved','Certe vicissitudo quo thymbra credo umquam.',1,225),(226,'approved','Succedo quasi celebrer pauci paens ars placeat verumtamen.',1,226),(227,'pending','Ullus cilicium chirographum cupressus.',1,227),(228,'rejected','Aequitas delectus stips amita centum.',2,228),(229,'approved','Accusator depereo acidus.',2,229),(230,'pending','Condico allatus annus aegre verumtamen terebro officia corporis alienus.',3,230),(231,'approved','Autem sulum stillicidium.',3,231),(232,'rejected','Deficio at suspendo.',3,232),(233,'approved','Suus autem tener aeneus alveus ultra consequuntur.',3,233),(234,'approved','Corpus pax demum accusamus tepidus suscipit delectus tracto acervus nam.',3,234),(235,'pending','Uredo terror surgo copiose currus corpus tersus.',3,235),(236,'approved','Desidero tibi casso accommodo deorsum condico cetera studio.',2,236),(237,'rejected','Abbas super tener bene degusto victoria succurro stipes.',3,237),(238,'pending','Valetudo solus carmen placeat curis voveo aestivus concedo.',1,238),(239,'pending','Casso cetera utpote curvo.',2,239),(240,'pending','Tot addo dens velociter vesper.',1,240),(241,'rejected','Demitto talio ambitus vulgaris dignissimos.',2,241),(242,'rejected','Ultio tunc arguo adicio caelestis.',3,242),(243,'rejected','Corroboro volubilis modi adfectus demum comedo cuppedia terra vero advoco.',2,243),(244,'rejected','Patrocinor perferendis amaritudo socius addo bellum tardus.',1,244),(245,'pending','Beatae pauci adfero conspergo caritas combibo reprehenderit peior volo solutio.',1,245),(246,'pending','Dolorem thymbra soluta.',3,246),(247,'pending','Rem cogo vergo ipsam.',2,247),(248,'rejected','Astrum sint depromo civis.',2,248),(249,'approved','Hic nulla dolorum conor ambulo.',3,249),(250,'approved','Voluptas dapifer vulticulus iure conscendo subito cupio calculus.',3,250),(251,'pending','Decerno theologus sed nostrum sollicito canonicus thymum.',1,251),(252,'approved','Supellex cupiditas bardus consectetur arx adflicto cunctatio.',3,252),(253,'approved','Versus artificiose constans demum decens corpus caelum.',2,253),(254,'approved','Spargo vulgo cena dolorum tui vae.',2,254),(255,'approved','Curtus tristis copiose auctor derelinquo stipes consectetur atqui ulciscor corroboro.',1,255),(256,'approved','Adopto adulescens curatio nemo campana nulla vox.',2,256),(257,'approved','Vae supra vigilo stips statua at peior demo quo.',2,257),(258,'approved','Viridis venio vobis ustilo.',3,258),(259,'approved','Harum torqueo condico cunabula tamdiu adimpleo perspiciatis.',1,259),(260,'approved','Vigilo summa vero tabesco.',3,260),(261,'approved','Pariatur aqua cohors solum minima summa basium.',3,261),(262,'approved','Velum adficio ante adhaero spoliatio utrum xiphias benigne.',3,262),(263,'rejected','Teneo victoria subiungo talus patruus adnuo culpo reprehenderit.',2,263),(264,'rejected','Iusto sequi autus.',3,264),(265,'rejected','Canto solum tertius rem sophismata comminor agnitio audentia tempus.',1,265),(266,'approved','Arcus cruentus quod accusantium trans campana desipio civis odit.',2,266),(267,'pending','Rem sophismata clamo earum aptus carus similique numquam.',3,267),(268,'rejected','Conforto ea statua demergo id amplitudo animi artificiose.',3,268),(269,'rejected','Bene taedium deprecator.',3,269),(270,'approved','Videlicet voluptatibus vinitor deleniti stipes cupressus enim adeo comis.',1,270),(271,'pending','Autem certe clarus nisi cometes terra temperantia aestas vomica.',3,271),(272,'pending','Angelus vespillo quis arbustum degusto causa.',2,272),(273,'approved','Eligendi uxor balbus.',3,273),(274,'rejected','Denuncio cuppedia conqueror incidunt vesper succedo aqua cresco.',3,274),(275,'pending','Culpo ustilo sollers.',1,275),(276,'rejected','Stultus urbs angelus teneo vulgivagus cernuus decumbo cribro alioqui decens.',1,276),(277,'approved','Uberrime conitor video stips vulnus alii cruciamentum tricesimus.',1,277),(278,'approved','Ulterius conitor aurum debilito vobis.',3,278),(279,'rejected','Textor adicio tolero succurro commodo deprimo adversus.',3,279),(280,'approved','Debitis debitis vindico.',2,280),(281,'pending','Denego argentum pariatur turbo enim amissio laborum stips vergo cubicularis.',1,281),(282,'rejected','Tametsi vel universe celer reprehenderit cribro.',3,282),(283,'rejected','Amita pax videlicet cubo uberrime talis.',1,283),(284,'approved','Vir spero tenax thymum caute aqua colligo.',3,284),(285,'rejected','Confido vinco vester usque cras comminor allatus aestivus cohibeo.',1,285),(286,'approved','Laudantium curto officia velociter cena velut decimus calamitas verbera vir.',1,286),(287,'pending','Argentum defessus dens demens.',2,287),(288,'rejected','Alii aspernatur sequi sui vitium.',1,288),(289,'approved','Nisi magni addo aperiam torqueo.',3,289),(290,'pending','Ceno amplexus speciosus conqueror bis suppellex thermae officiis vinco.',3,290),(291,'pending','Theatrum pax triumphus creptio perspiciatis delinquo.',3,291),(292,'approved','Vomer deporto quia distinctio expedita templum volubilis eveniet.',1,292),(293,'pending','Derelinquo damnatio tribuo demo correptius tendo deprimo absorbeo tracto.',2,293),(294,'pending','Consectetur damnatio stillicidium vallum ut.',1,294),(295,'approved','Cuppedia conspergo commodo aedificium assentator peior earum aqua tristis subvenio.',3,295),(296,'rejected','Terra thesis vestrum natus confero creber alter.',3,296),(297,'pending','Carmen accusator pauper sublime.',3,297),(298,'approved','Apto cogito bibo crinis adipiscor valens sollers volaticus accommodo viscus.',3,298),(299,'pending','Adsidue sequi atavus rem accommodo talio auxilium cultura pax aureus.',3,299),(300,'rejected','Adflicto capto totus voro super trepide terga laborum.',2,300),(301,'approved','Volaticus pecus suppellex vesco saepe adiuvo.',3,301),(302,'pending','Debeo sponte validus aqua umquam antiquus socius.',2,302),(303,'pending','Tubineus curvo testimonium abduco.',1,303),(304,'rejected','Cultura aperio facere vox tego.',1,304),(305,'approved','Deficio ambitus civitas illum.',3,305),(306,'rejected','Dignissimos cimentarius ratione cultellus abundans defleo textor dolores excepturi tempora.',2,306),(307,'approved','Decor subnecto careo absens conturbo.',2,307),(308,'rejected','Deputo sollicito curia unde sol administratio velum.',2,308),(309,'pending','Demoror tenus voco certe demitto volva tredecim culpo spargo barba.',3,309),(310,'pending','Uter cum succedo.',3,310),(311,'rejected','Delicate id desolo adicio.',1,311),(312,'pending','Tener damnatio tenuis deduco cruciamentum claustrum.',2,312),(313,'approved','Cupio quis decet cenaculum via eveniet sint.',1,313),(314,'rejected','Cultura sit confero ter viscus ciminatio canonicus degero a tam.',1,314),(315,'approved','Versus correptius adfectus creta sumptus.',2,315),(316,'approved','Vilis cubicularis adicio cribro tenax tamen antepono pariatur.',1,316),(317,'rejected','Arceo exercitationem defaeco error nostrum.',2,317),(318,'rejected','Solvo degusto terror utilis approbo cicuta.',3,318),(319,'pending','Vergo esse ultio.',2,319),(320,'pending','Facilis culpa coma utrum arbustum tumultus numquam viriliter unde tabesco.',3,320),(321,'rejected','Vomica aestivus chirographum tremo desolo victus aureus vir bardus tondeo.',3,321),(322,'approved','Doloribus cena voluptate volva vir deleniti.',2,322),(323,'approved','Comedo necessitatibus celer vulgaris demergo articulus clam.',2,323),(324,'rejected','Arcesso calamitas creber confero.',3,324),(325,'approved','Molestias occaecati varius causa amet dignissimos vorax.',3,325),(326,'rejected','Tepesco adhuc sono acidus paens videlicet.',2,326),(327,'approved','Assumenda cunabula tui adsidue concido tutis.',1,327),(328,'pending','Arcesso auctor maxime calculus demum.',3,328),(329,'rejected','Speciosus comminor antepono.',1,329),(330,'approved','Vesper degero color conscendo deputo theologus summa.',2,330),(331,'approved','Appello succurro desparatus magnam volutabrum statim cras testimonium vulgus atrox.',2,331),(332,'rejected','Varius decretum tyrannus vinculum harum tam.',1,332),(333,'approved','Adinventitias carbo surculus alo thesaurus suasoria.',3,333),(334,'rejected','Porro valde minima inflammatio tenax acer tergeo.',3,334),(335,'approved','Curis accedo creo tubineus spargo appono.',3,335),(336,'approved','Argentum cattus vestigium truculenter aro quisquam compono.',2,336),(337,'pending','Ademptio corroboro advenio degenero comburo decumbo aiunt argentum.',2,337),(338,'approved','Vallum derideo tertius denuncio dolorem iusto sortitus conatus.',1,338),(339,'pending','Voluptates cohors conscendo damno.',2,339),(340,'pending','Valeo aer creber cubitum coepi civis vitium victus.',1,340),(341,'rejected','Virtus videlicet itaque doloribus.',1,341),(342,'rejected','Iste ter curso utroque velut aro cursim cresco.',1,342),(343,'pending','Stillicidium curso aliquid decet laborum.',2,343),(344,'approved','Acquiro damno tantum ipsum tamisium conscendo argumentum animi.',3,344),(345,'rejected','Coma desidero nesciunt torqueo astrum cupiditate cervus supellex.',1,345),(346,'approved','Chirographum optio cibo.',2,346),(347,'rejected','Amitto odio aetas sumptus.',1,347),(348,'rejected','Approbo textor aeger convoco creber pauper capto.',2,348),(349,'approved','Ustulo supplanto tenax.',2,349),(350,'rejected','Carus voluptatibus callide ago surgo tenax fugit caput odio.',1,350),(351,'rejected','Acsi pax absens.',2,351),(352,'rejected','Admitto carpo mollitia atavus bis tripudio cursus suffoco cicuta absens.',3,352),(353,'rejected','Conqueror voluptatum minima sponte.',1,353),(354,'pending','Conservo sum aptus delectatio caries adflicto.',1,354),(355,'rejected','Cruciamentum auditor anser agnosco canis auxilium pecus clibanus vel cibo.',1,355),(356,'rejected','Cavus contabesco derideo ulciscor advoco conicio.',3,356),(357,'pending','Adnuo sollers quo.',2,357),(358,'pending','Validus xiphias accedo.',2,358),(359,'rejected','Theatrum vehemens compono.',1,359),(360,'approved','Statua nostrum clementia tendo cribro adamo.',3,360),(361,'approved','Vere vilicus denique voro atque defleo candidus.',1,361),(362,'approved','Ara tondeo amo venio tantum est victoria.',2,362),(363,'approved','Circumvenio temeritas vita corpus dicta correptius eligendi cerno.',1,363),(364,'approved','A dolore patior.',1,364),(365,'pending','Rem arx antea ultra verbum centum talio.',2,365),(366,'rejected','Vereor atavus usque absorbeo aranea repudiandae beneficium vehemens aestas.',2,366),(367,'pending','Aliquid torqueo vis bibo antea.',2,367),(368,'approved','Adhuc aggredior averto carmen balbus adulescens asperiores cubitum.',3,368),(369,'rejected','Auxilium admitto collum conservo articulus ullam ambulo vomica sto quam.',1,369),(370,'approved','Abeo cubo repudiandae odio bis.',1,370),(371,'rejected','Taedium verbera totam vicinus.',3,371),(372,'pending','Totam aestivus studio vestrum appello.',3,372),(373,'rejected','Adinventitias aetas utrum somniculosus vulgaris consuasor.',3,373),(374,'pending','Acerbitas vero studio sapiente coadunatio vado summopere basium defendo.',3,374),(375,'rejected','Avaritia sed thermae ventito aperte assumenda usitas.',2,375),(376,'pending','Suspendo cupressus vulnero vis valetudo.',2,376),(377,'rejected','Supra comis assumenda.',2,377),(378,'rejected','Accendo textus facere optio corona delicate voluptatibus.',2,378),(379,'pending','Acidus totus vesper arca depereo thesaurus strues calamitas ulciscor.',3,379),(380,'rejected','Demoror via conservo cumque consectetur ubi aranea sollers volup velut.',2,380),(381,'pending','Velit vapulus deludo aer brevis atque cuius consequatur.',1,381),(382,'approved','Succurro vis circumvenio dolores voro suffoco totus deleniti spoliatio desidero.',3,382),(383,'approved','Altus torrens occaecati ab vomito temperantia desipio cultura adsum accommodo.',2,383),(384,'approved','Valde degenero thema canis sol video strenuus.',1,384),(385,'approved','Valeo auxilium abeo summopere aspicio celebrer degusto surgo.',3,385),(386,'rejected','Brevis cerno videlicet adhaero.',3,386),(387,'approved','Odit paens bene cilicium.',3,387),(388,'rejected','Attonbitus somniculosus veniam ustulo arbitro abduco tero attero.',3,388),(389,'pending','Spiculum benevolentia suasoria pax maxime vetus tamdiu adiuvo subito.',3,389),(390,'approved','Vergo porro ullus cedo.',1,390),(391,'approved','Demulceo credo ait benigne accedo.',2,391),(392,'pending','Iste curriculum caries deorsum.',3,392),(393,'approved','Viduo quaerat vulgus cupio consectetur.',1,393),(394,'pending','Adsidue adicio cohaero vix vinitor absque depulso aduro error arx.',1,394),(395,'rejected','Aliquid candidus angustus cimentarius textus basium textor suus tredecim calco.',3,395),(396,'rejected','Tracto desparatus anser annus talis aspicio subito.',3,396),(397,'approved','Delinquo complectus vesica.',3,397),(398,'rejected','Cado comminor textus tendo curto villa suppellex tabernus atrox delectus.',3,398),(399,'approved','Deripio venustas suppono aequus tristis caritas verbera vulnero.',2,399),(400,'pending','Utrimque cogito numquam ademptio currus deleniti vilitas.',2,400),(401,'rejected','Tumultus advoco tergeo.',2,401),(402,'pending','Ustulo vitae derideo calco sui.',3,402),(403,'pending','Amplus synagoga adversus undique eum paulatim dedico beneficium canto substantia.',2,403),(404,'pending','Pauci cotidie tutamen paens denuo celer absconditus acerbitas cunctatio.',1,404),(405,'rejected','Aveho ventosus somniculosus atrox aliquam carbo damno adulatio cimentarius.',1,405),(406,'rejected','Celebrer copiose claro.',2,406),(407,'pending','Communis comitatus spes vergo patior absque subiungo decimus.',2,407),(408,'pending','Tabernus utor stipes concido.',1,408),(409,'pending','Clamo corpus taedium approbo pauci.',1,409),(410,'pending','Sodalitas comis veritatis quae corroboro necessitatibus damno explicabo decimus sponte.',3,410),(411,'rejected','Celer contigo tricesimus corrigo careo caecus corrumpo stultus.',2,411),(412,'approved','Corporis dolore vinculum conculco angustus ater.',3,412),(413,'approved','Acerbitas at cito suus alias.',2,413),(414,'pending','Depraedor ademptio timor accusamus timidus.',1,414),(415,'approved','Asper vacuus balbus curia tremo summa subito.',1,415),(416,'approved','Comptus tamen carcer taedium considero.',3,416),(417,'pending','Deporto cohibeo cultellus stillicidium denuncio dicta aureus.',1,417),(418,'pending','Canis eaque totidem sed sublime temporibus comminor damno.',2,418),(419,'pending','Tabella aeternus videlicet summopere casso.',3,419),(420,'approved','Adipisci sortitus arto adulatio ullus sortitus tantillus voco.',3,420),(421,'pending','Consectetur vinco synagoga sono atqui desparatus.',3,421),(422,'approved','Spoliatio aspicio bis alter aperio demulceo deficio cinis cicuta rerum.',2,422),(423,'pending','Repudiandae vomer ultio perspiciatis acervus officiis sto consectetur tergo turpis.',3,423),(424,'approved','Cogo atrocitas abbas absens triduana.',3,424),(425,'approved','Conatus clarus termes sollicito torqueo amitto.',1,425),(426,'rejected','Arcesso defaeco compello sodalitas.',1,426),(427,'rejected','Capitulus cenaculum aer constans cetera candidus tui cura deduco uxor.',1,427),(428,'rejected','Thymum considero aspicio taceo culpa maiores alveus sollicito tripudio.',2,428),(429,'pending','Cernuus perferendis turpis subnecto confero cumque.',1,429),(430,'approved','Suadeo ulterius patruus.',1,430),(431,'approved','Tertius dens apparatus sol.',1,431),(432,'pending','Damno caste copiose.',3,432),(433,'pending','Defungo dedecor appello correptius.',2,433),(434,'approved','Decipio torqueo usitas voluptate acerbitas absconditus volup.',3,434),(435,'approved','Arx adsuesco aegrus vehemens coepi sol.',1,435),(436,'approved','Amet delibero varietas denuo anser corrigo ut timor eligendi thymbra.',2,436),(437,'pending','Paens tabernus torrens crux impedit amicitia victoria verbera suadeo.',2,437),(438,'rejected','Pectus tabernus inflammatio abduco spiritus admiratio annus claro candidus.',1,438),(439,'pending','Tamisium sponte patrocinor cicuta tristis eaque curia.',1,439),(440,'rejected','Vaco sufficio tametsi denique sordeo reprehenderit.',2,440),(441,'approved','Conor titulus aegrotatio thema doloremque considero collum.',1,441),(442,'approved','Accusator teneo subnecto defetiscor bene censura absque temeritas asper.',1,442),(443,'rejected','Ullam vester abeo cinis.',1,443),(444,'pending','Tametsi vacuus coerceo vicinus alter ratione doloribus cognomen venia uter.',2,444),(445,'approved','Claudeo quod aqua taceo abundans.',2,445),(446,'pending','Hic casus conspergo appono cotidie.',2,446),(447,'rejected','Sub vado molestias paens tollo aliquid.',3,447),(448,'pending','Talio argentum viriliter statim peior cursus veritas aer adicio.',1,448),(449,'rejected','Ipsam appello denique aro canis.',1,449),(450,'rejected','Bardus doloremque vulnero.',1,450),(451,'rejected','Absens adiuvo tum socius universe sui adaugeo tot cunctatio.',3,451),(452,'pending','Cibo cribro vulpes balbus admiratio.',3,452),(453,'pending','Nisi animi valde videlicet eveniet chirographum error cuppedia temperantia.',1,453),(454,'approved','Comis voluptate compello depopulo.',1,454),(455,'approved','Derelinquo stella somnus summisse.',2,455),(456,'pending','Teneo sum pax illo ocer.',2,456),(457,'rejected','Magni adopto commodo ascit aeger tendo accedo.',2,457),(458,'approved','Cultura subseco sunt auctus undique appositus velit aegrotatio creator abscido.',3,458),(459,'approved','Strues inflammatio accendo.',3,459),(460,'pending','Facilis succurro usus recusandae temptatio blandior derideo.',2,460),(461,'pending','Approbo voluptates suppono rerum.',2,461),(462,'pending','Nobis solitudo advenio soluta spiculum vallum coma video aliquam.',2,462),(463,'pending','Confido sint tripudio.',1,463),(464,'rejected','Rerum compono error fugiat vel capitulus balbus temeritas defessus.',2,464),(465,'rejected','Sint vehemens ipsum uredo spiritus.',2,465),(466,'rejected','Crastinus totidem apparatus deduco corpus saepe laborum comitatus conqueror officiis.',2,466),(467,'approved','Ventus animus arbitro uterque theatrum placeat commodo eos adamo sublime.',1,467),(468,'pending','Taedium veritatis casso voluptates expedita communis testimonium urbanus pariatur pel.',3,468),(469,'rejected','Caritas tero ancilla tot vulpes.',2,469),(470,'rejected','Benevolentia carmen adflicto capillus aedificium.',2,470),(471,'pending','Curto cornu thalassinus quas quibusdam uter ventosus curis adversus volo.',1,471),(472,'approved','Asperiores tertius tollo reprehenderit temptatio confero curto pecus.',2,472),(473,'approved','Tenus suscipit capitulus audio aveho utrum.',2,473),(474,'pending','Atrox compello defendo caritas validus tricesimus conforto urbanus.',1,474),(475,'approved','Acervus tamdiu theatrum amplus vae claro territo.',2,475),(476,'pending','Infit accusantium tertius.',1,476),(477,'rejected','Et labore statim ante aperiam armarium casso ars.',3,477),(478,'rejected','Carus adulatio capillus ars cupiditas solio accendo tersus arca.',2,478),(479,'approved','Verbum illo territo centum alveus cursim creator ambitus tepesco.',2,479),(480,'rejected','Infit tertius assumenda cuppedia reiciendis studio cruentus traho commodi cedo.',1,480),(481,'approved','Tracto curo utor volutabrum adflicto.',2,481),(482,'pending','Maxime tepidus tempore.',2,482),(483,'approved','Cibus claudeo reiciendis tamdiu.',3,483),(484,'rejected','Neque altus beneficium corpus alveus corroboro.',1,484),(485,'pending','Sit cras conicio degusto clementia tabgo sub ater.',3,485),(486,'approved','Ascisco usque sui vinculum.',2,486),(487,'approved','Venustas debilito tamquam.',2,487),(488,'approved','Subnecto voco cognomen.',3,488),(489,'approved','Charisma crebro clementia.',1,489),(490,'rejected','Abstergo pectus velit magnam deleo ambulo claudeo ex calculus qui.',2,490),(491,'pending','Adhaero sopor causa vitium.',2,491),(492,'approved','Praesentium aestivus tenax tyrannus studio.',2,492),(493,'rejected','Templum admitto quas adeptio complectus error ullus talis.',2,493),(494,'rejected','Summa verus substantia denique.',2,494),(495,'approved','Amicitia adamo tametsi antepono cursus.',2,495),(496,'pending','Utor aetas pecus est toties comburo voluptas.',1,496),(497,'rejected','Arx cruciamentum dolor accommodo acsi calco sollicito apud audeo advoco.',3,497),(498,'pending','Consequatur coepi sub.',1,498),(499,'rejected','Reprehenderit aro votum cilicium.',2,499),(500,'rejected','Canonicus sperno versus congregatio circumvenio totus repellat quis.',2,500),(501,'pending','Aperte capto creo attonbitus carbo aggero centum appono tollo perferendis.',2,501),(502,'approved','Cruentus debilito aspicio cura.',1,502),(503,'approved','Amoveo calculus suffoco alo vicinus alius suffragium clementia.',2,503),(504,'pending','Adiuvo corrupti aggero vapulus volutabrum animus.',1,504),(505,'rejected','Decumbo tracto avarus ultio bibo.',1,505),(506,'approved','Vulgo amplus vobis cupio claudeo suus cattus curatio utpote.',2,506),(507,'approved','Admiratio arca defessus tamquam cotidie admoveo creber.',1,507),(508,'approved','Textor confido super speculum.',1,508),(509,'pending','Ab usque defaeco aiunt expedita caste tabernus verumtamen possimus.',1,509),(510,'approved','Acidus subiungo solio utrum caute.',3,510),(511,'pending','Cilicium vilitas apostolus subito traho tenus.',1,511),(512,'pending','Spiculum complectus victoria commodo sopor adflicto.',1,512),(513,'rejected','Delibero vulgaris aeger curtus sophismata canto administratio perspiciatis succurro considero.',1,513),(514,'pending','Desparatus deporto textus viscus sub aeger.',2,514),(515,'rejected','Catena arbor porro caelum.',2,515),(516,'pending','Administratio alioqui vociferor civis nemo tempus tamisium vapulus.',3,516),(517,'pending','Recusandae absum error denuncio.',3,517),(518,'approved','Universe cinis adopto cognomen conscendo virga utpote suscipio.',2,518),(519,'rejected','Crebro confugo tener ratione armarium.',2,519),(520,'rejected','Tamen atrox adfectus cuppedia subnecto.',2,520),(521,'pending','Cubicularis arca usitas.',1,521),(522,'pending','Coaegresco delectatio deripio terreo quo.',3,522),(523,'approved','Occaecati depereo distinctio cetera ater sublime.',1,523),(524,'rejected','Patruus optio talus.',3,524),(525,'rejected','Vorax ulciscor aqua solium amplitudo.',2,525),(526,'approved','Pecus aliqua bardus.',1,526),(527,'rejected','Cubo consequatur ventus bis modi truculenter vitae crapula assumenda claudeo.',1,527),(528,'pending','Quasi cohors cohors vallum vado vacuus deprimo calamitas.',1,528),(529,'approved','Cometes speculum brevis.',3,529),(530,'approved','Cimentarius ara acquiro defungo cado textor usus quidem aufero fuga.',2,530),(531,'rejected','Arcus certe charisma cicuta.',2,531),(532,'pending','Strenuus avarus repudiandae exercitationem capio xiphias.',3,532),(533,'rejected','Deporto perspiciatis cornu.',2,533),(534,'rejected','Thalassinus adhaero deleo aduro textor.',3,534),(535,'rejected','Demoror accedo valeo.',1,535),(536,'rejected','Deprimo usus baiulus.',3,536),(537,'pending','Voro possimus absque aequus ascisco vulariter tempus barba.',2,537),(538,'approved','Damno arto crur clibanus socius eos adstringo copiose suus dicta.',3,538),(539,'rejected','Harum sustineo ago adfero consequuntur.',2,539),(540,'pending','Inflammatio vos accedo.',2,540),(541,'pending','Atrox aut abeo.',1,541),(542,'rejected','Tactus deleo adulescens possimus conventus delibero viridis.',2,542),(543,'pending','Admoneo bis considero tremo.',3,543),(544,'rejected','Speculum alii templum vesper dicta esse.',3,544),(545,'approved','Venustas canonicus arguo aer recusandae excepturi subseco celer admiratio.',1,545),(546,'rejected','Suppellex distinctio talis crinis tamen fugit attonbitus argumentum creptio.',3,546),(547,'approved','Statua carmen bellum bardus explicabo tepesco.',1,547),(548,'approved','Clam tempora sponte cras cunabula theologus.',1,548),(549,'approved','Desparatus possimus velociter casso spoliatio conspergo subseco bos caelum.',2,549),(550,'pending','Cogo impedit xiphias capitulus thermae.',1,550),(551,'rejected','Sustineo supellex super necessitatibus.',3,551),(552,'rejected','Blanditiis vociferor assentator sonitus torqueo vitiosus.',3,552),(553,'pending','Condico arbitro canto tametsi spero.',1,553),(554,'pending','Timor crudelis dedico aeternus conatus acidus nostrum enim.',2,554),(555,'pending','Crustulum depereo decumbo adstringo cunabula valde ab ulciscor.',1,555),(556,'pending','Vis suus vel vetus bibo sperno deduco ustilo bestia dolorem.',1,556),(557,'rejected','Cohors apto ubi tactus tandem.',2,557),(558,'pending','Spoliatio substantia acceptus dapifer.',2,558),(559,'pending','Crapula cibo adhuc.',1,559),(560,'rejected','Thalassinus absconditus quo agnosco coerceo coniecto cerno appello adipiscor via.',1,560),(561,'pending','Utrum utique error tamisium inflammatio.',1,561),(562,'pending','Reiciendis adulescens adhaero curiositas bis.',2,562),(563,'rejected','Ipsum aedificium suus delinquo vomica ducimus deorsum atqui tandem aptus.',1,563),(564,'pending','Solus cognomen aequitas vito asperiores cohaero.',1,564),(565,'rejected','Tondeo clementia candidus summopere amplexus vinum tactus antea coerceo vito.',2,565),(566,'approved','Caterva depono stultus solitudo error tutis omnis.',2,566),(567,'rejected','Voluptatum traho vis.',3,567),(568,'approved','Cura adipisci traho caput tibi conor.',1,568),(569,'approved','Quas porro cena carpo.',2,569),(570,'pending','Delinquo quae caste.',2,570),(571,'rejected','Suppellex blanditiis desidero claustrum studio despecto solutio.',2,571),(572,'rejected','Soleo beatae strues denuo stella abscido.',3,572),(573,'pending','Curia centum alveus succurro quas.',2,573),(574,'rejected','Cultura contra civis amo supellex antiquus.',3,574),(575,'rejected','Autem aranea comparo alii celer abutor caelum.',2,575),(576,'rejected','Beatus decretum aufero solitudo ascisco textilis tredecim aurum tepesco arbitro.',1,576),(577,'rejected','Torqueo vox soleo theologus annus solitudo aperiam.',3,577),(578,'rejected','Aperiam somniculosus amiculum crapula beneficium comminor pax trado.',2,578),(579,'pending','Ab minima vilis vilitas.',3,579),(580,'rejected','Subnecto voluptatibus cras adstringo umquam theatrum.',2,580),(581,'pending','Adamo voluptatum corrupti anser.',2,581),(582,'approved','Cohaero ullam conscendo cicuta coniuratio ait ullus tum.',3,582),(583,'rejected','Quidem utrimque calcar.',2,583),(584,'rejected','Claustrum similique culpa summopere tondeo.',3,584),(585,'rejected','Casus adipisci vacuus testimonium laudantium solutio blandior alioqui vigor.',1,585),(586,'pending','Complectus subnecto deduco tersus cibo decens tero valde.',3,586),(587,'rejected','Surgo rerum adeo stabilis aliquid.',1,587),(588,'approved','Aspernatur cibo una.',2,588),(589,'rejected','Addo atrocitas contego carmen conventus umquam pectus.',3,589),(590,'rejected','Supra sufficio cetera arcus.',2,590),(591,'rejected','Molestias catena magnam charisma aliquid tam magni.',2,591),(592,'approved','Calculus derideo accusamus infit aveho.',2,592),(593,'approved','Tam delinquo velit volva antea.',1,593),(594,'pending','Terra uter texo cognomen.',2,594),(595,'approved','Cubicularis advenio sonitus chirographum.',2,595),(596,'approved','Deprecator somnus armarium tametsi in audentia constans ulterius sufficio.',1,596),(597,'pending','Agnitio comedo cauda.',1,597),(598,'pending','Natus tergo ulterius.',3,598),(599,'rejected','Audax arbor aptus carpo capitulus armarium suasoria.',1,599),(600,'approved','Clam tantum tum appono stella advenio.',1,600),(601,'rejected','Tricesimus spargo vel cupiditate veritatis crudelis truculenter copia.',1,601),(602,'approved','Votum aureus supplanto magnam cui viriliter vomer adimpleo ara aurum.',1,602),(603,'approved','Sit vicissitudo averto tum armarium recusandae.',1,603),(604,'pending','Itaque astrum velum.',1,604),(605,'pending','Rem conculco deleniti qui.',3,605),(606,'rejected','Constans id teres neque depulso utilis.',1,606),(607,'approved','Suspendo spiritus veritatis argumentum similique vere amplitudo.',3,607),(608,'rejected','Velociter quo cibo apto vulpes comprehendo.',1,608),(609,'approved','Celer statim baiulus celer colligo ea bene.',2,609),(610,'rejected','Maiores ex alioqui arguo cernuus ciminatio vigilo sit.',2,610),(611,'approved','Considero copia vicinus acquiro chirographum repudiandae aeneus collum substantia quas.',2,611),(612,'approved','Asporto solutio benevolentia.',1,612),(613,'rejected','Aspicio vinitor alioqui.',1,613),(614,'approved','Repellendus ducimus commodo artificiose ante fugit spiculum sit.',3,614),(615,'approved','Denique concedo omnis aspicio earum teres cognomen nisi.',1,615),(616,'pending','Facilis crustulum velociter ager cicuta denego alius ipsum studio accusator.',2,616),(617,'pending','Utrum aro veritatis arma ulciscor vilis.',2,617),(618,'approved','Comminor tutis arceo super balbus ratione desidero impedit ustulo callide.',2,618),(619,'pending','Vomica abstergo adimpleo absorbeo acerbitas arcesso.',3,619),(620,'pending','Attonbitus officiis temeritas vinco tui capto adaugeo sol defungo torrens.',1,620),(621,'approved','Denuo vestigium urbanus arceo vestrum molestiae nobis.',2,621),(622,'approved','Absens cupio apud credo argentum.',2,622),(623,'rejected','Beneficium sequi casus peior asporto circumvenio textilis creator statua articulus.',1,623),(624,'pending','Cognomen spectaculum paens dens sonitus.',3,624),(625,'approved','Contigo cogo studio aranea amissio trans cotidie.',3,625),(626,'rejected','Temporibus circumvenio quos tametsi ultra arto adficio vulpes.',3,626),(627,'pending','Aurum quibusdam crur thymbra.',3,627),(628,'rejected','Argumentum color nam allatus numquam uterque sulum vae vilis virtus.',1,628),(629,'approved','Vilicus vilis agnitio deorsum cui qui agnitio eius.',1,629),(630,'pending','Laboriosam cunabula rerum antiquus celer.',1,630),(631,'approved','Abstergo succedo occaecati curto velit sustineo.',1,631),(632,'rejected','Auctor accusantium deripio comis maxime adflicto curto repellendus subvenio sperno.',2,632),(633,'rejected','Amitto degero autus abstergo adeptio adnuo terra thema accedo cauda.',2,633),(634,'rejected','Tredecim amicitia adiuvo pecco adduco tonsor vae ulciscor.',2,634),(635,'pending','Repellendus congregatio vel cunabula adulatio aegrotatio vigilo adeo voco amaritudo.',1,635),(636,'rejected','Ciminatio articulus sollers suggero.',3,636),(637,'approved','Super comes quidem pax suffragium.',1,637),(638,'approved','Aestus vitiosus stultus pectus terminatio caput occaecati tam.',2,638),(639,'pending','Catena repudiandae quae toties caste calco decor qui praesentium sollers.',1,639),(640,'rejected','Cimentarius asporto comitatus amissio ultio adstringo apto.',1,640),(641,'pending','Caput cupressus avaritia stabilis tutamen.',3,641),(642,'approved','Veritas texo sequi vulticulus.',3,642),(643,'approved','Rem defaeco asperiores itaque verto succurro cognomen.',2,643),(644,'pending','Amor sumptus velum copiose defluo callide amet verto reiciendis ocer.',2,644),(645,'rejected','Approbo theca spiritus stultus.',3,645),(646,'pending','Degenero ratione defungo contigo tres.',1,646),(647,'rejected','Vulnero defleo consectetur coepi.',1,647),(648,'pending','Patruus soluta sodalitas.',2,648),(649,'rejected','Cohors incidunt ambitus deripio cuius.',2,649),(650,'pending','Demonstro volutabrum molestias adversus dignissimos curto aestas.',3,650),(651,'rejected','Testimonium arbitro harum conatus vivo.',2,651),(652,'approved','Abundans sodalitas volva voluptatem paens aequus volaticus curia acquiro aperte.',3,652),(653,'rejected','Sint tracto usus creptio stillicidium villa cubo cunctatio.',2,653),(654,'approved','Explicabo textus sperno accommodo aestivus cedo necessitatibus aeger nihil veniam.',1,654),(655,'pending','Molestias universe condico audax.',3,655),(656,'approved','Alter libero approbo convoco tabella.',1,656),(657,'rejected','Optio varietas qui absque admitto crebro nisi vere volaticus.',1,657),(658,'pending','Apud expedita apparatus avarus.',2,658),(659,'approved','Vivo odio alveus corrumpo.',1,659),(660,'approved','Ater tondeo crebro absorbeo ubi saepe abstergo usus ratione.',3,660),(661,'rejected','Cibo laborum alias volaticus anser celer cedo.',1,661),(662,'approved','Correptius atrox cilicium baiulus calculus tutis pauci sonitus tibi.',3,662),(663,'pending','Molestiae toties repellat auditor necessitatibus dedecor adfectus atque accommodo.',3,663),(664,'approved','Solio coadunatio totidem.',3,664),(665,'approved','Depulso sortitus abscido attonbitus valens comprehendo vallum id.',2,665),(666,'pending','Voluntarius synagoga solitudo quos paulatim pauci.',3,666),(667,'approved','Decimus a cupressus sufficio.',2,667),(668,'pending','Eos contigo teneo pecto templum verumtamen et vinum.',1,668),(669,'pending','Colo vaco antiquus.',3,669),(670,'pending','Abbas degusto acidus creo adulescens custodia.',2,670),(671,'approved','Addo crux tenetur verbum speciosus commodo optio sponte.',1,671),(672,'approved','Decipio vesper volutabrum caveo sumptus civitas conculco centum circumvenio.',1,672),(673,'pending','Confido cubicularis vae molestias paens defendo creta aperiam.',2,673),(674,'rejected','Cresco amo ver quasi.',1,674),(675,'approved','Viduo ut pauper tyrannus decens tersus via teneo.',2,675),(676,'rejected','Voro deprimo arma suffragium colo.',3,676),(677,'approved','Vinco aureus adstringo circumvenio tener.',3,677),(678,'rejected','Cui comedo acceptus corrumpo.',3,678),(679,'rejected','Agnosco tolero non umbra utique.',3,679),(680,'approved','Aequus derelinquo placeat brevis carus.',1,680),(681,'rejected','Dedecor victoria pauci vespillo dolorum nihil vicissitudo contigo comparo.',2,681),(682,'approved','Cenaculum correptius unus totam benigne totidem voco.',1,682),(683,'rejected','Amplexus ducimus cunabula volubilis dignissimos molestias.',2,683),(684,'approved','Crepusculum denuncio textilis pax dolore vapulus tui suppono.',2,684),(685,'pending','Arto quidem cicuta arx ex depono cervus claustrum.',2,685),(686,'pending','Voluptatibus sunt illo cado tredecim sordeo sui.',3,686),(687,'pending','Atqui tui velut allatus qui.',1,687),(688,'approved','Aequus complectus defendo delicate modi carcer decet impedit.',1,688),(689,'pending','Summa abutor adversus tonsor cognatus cubicularis decimus.',2,689),(690,'rejected','Est sordeo arca quod.',3,690),(691,'pending','Peior virtus votum pauci compello.',2,691),(692,'approved','Admitto ratione teneo cito accommodo.',2,692),(693,'approved','Vester vox color decet.',2,693),(694,'rejected','Tolero administratio congregatio carmen.',3,694),(695,'pending','Decerno acervus vinum tepesco tabella vinco vomito allatus.',3,695),(696,'approved','Demergo calamitas minus auctor damno angulus coniecto ulciscor calculus.',1,696),(697,'pending','Audentia aliquam cruentus crudelis audentia toties ventosus universe carpo.',2,697),(698,'pending','Adhaero circumvenio substantia sopor templum.',2,698),(699,'rejected','Venia adeptio cogo advoco sumptus asperiores.',3,699),(700,'rejected','Capio aufero succedo cohors deprimo aetas decet quaerat vilicus solus.',2,700),(701,'pending','Textilis aperiam abstergo verto.',1,701),(702,'approved','Administratio curatio coma ver soleo capto vomer.',3,702),(703,'rejected','Appello claustrum pauci.',1,703),(704,'pending','Ara advoco carpo valens illum.',1,704),(705,'rejected','Suscipio ventosus impedit subnecto cornu uberrime coniecto clarus tripudio adnuo.',3,705),(706,'approved','Curo quisquam aptus degero quidem attollo alioqui absconditus.',3,706),(707,'approved','Adulescens aspicio ademptio acervus depraedor anser delectatio acquiro absens ullam.',2,707),(708,'rejected','Vere veniam defendo.',2,708),(709,'approved','Sto arbustum caput synagoga casus.',3,709),(710,'approved','Vivo reiciendis rerum adipisci arcesso vivo.',1,710),(711,'approved','Alienus acceptus molestiae apostolus.',1,711),(712,'approved','Damno depereo omnis mollitia arto aeger adimpleo suffragium somnus dens.',2,712),(713,'rejected','Culpa sapiente complectus aspicio thesis catena apparatus.',2,713),(714,'approved','Cattus stipes perspiciatis tredecim assentator subvenio sunt summisse verumtamen.',3,714),(715,'rejected','Ara decretum agnosco atavus adstringo aufero non repudiandae curis cometes.',3,715),(716,'rejected','Aegrotatio depopulo ipsa iste timidus deserunt.',3,716),(717,'pending','Vinitor adficio copia utpote tamen.',3,717),(718,'approved','Unde conitor cubo hic catena termes tutis uter.',2,718),(719,'approved','Spero carmen caelestis conservo.',2,719),(720,'approved','Adimpleo tepesco undique asper vicinus atrocitas deficio appono capitulus.',3,720),(721,'approved','Cicuta tripudio odio conventus claustrum cerno.',3,721),(722,'rejected','Cometes demergo sortitus volutabrum cattus cognatus cuius.',1,722),(723,'rejected','Ultra thymum circumvenio ullam celebrer vulnero ipsum tepesco capio temperantia.',1,723),(724,'rejected','Vel arbustum comparo veritas.',1,724),(725,'pending','Taceo vinum avarus.',3,725),(726,'rejected','Tardus synagoga tametsi.',3,726),(727,'pending','Demum vulgivagus ventus auctor excepturi solium accusantium defendo.',2,727),(728,'pending','Nam tertius atque fugiat curiositas vero curto tremo.',2,728),(729,'approved','Repellat utroque aurum ipsa aegrus maxime ante aggredior.',2,729),(730,'approved','Sollicito commodi aranea defungo quas caute sunt altus thorax.',3,730),(731,'pending','Canis cum sufficio coniuratio volva defetiscor appositus.',2,731),(732,'rejected','Abbas nobis dens depromo.',2,732),(733,'rejected','Communis depromo utilis possimus adicio cupressus xiphias.',1,733),(734,'approved','Usque vir corona accedo.',3,734),(735,'rejected','Benigne comminor tendo.',3,735),(736,'rejected','Alienus absconditus repellat derideo sulum conqueror aggero.',2,736),(737,'rejected','Damnatio amissio virga custodia adipisci agnosco sustineo amet cresco clarus.',3,737),(738,'pending','Vomer tres suppono possimus tamisium sol tametsi altus bonus.',3,738),(739,'pending','Quis alienus victus.',3,739),(740,'rejected','Cotidie aetas tantum amet illo.',3,740),(741,'rejected','Virga suasoria vulnero crapula antepono tametsi.',1,741),(742,'approved','Ubi amicitia qui tubineus provident color vociferor pariatur solus accusantium.',2,742),(743,'pending','Tendo arma umquam error vir tribuo temporibus spiritus uredo.',1,743),(744,'approved','Spiculum copiose aetas pecto articulus voluptatem quidem sponte adipiscor molestiae.',2,744),(745,'pending','Aureus arca tamquam ambitus acerbitas totus.',1,745),(746,'pending','Quisquam perspiciatis tamquam tepesco consequuntur.',2,746),(747,'rejected','Tumultus vehemens demonstro thesaurus curso damno admoveo verbum facilis.',2,747),(748,'approved','Error vis veniam deputo tactus thymbra baiulus.',1,748),(749,'rejected','Territo sperno crepusculum tardus auctor valeo valeo civitas.',2,749),(750,'rejected','Annus pecco thesis creptio censura.',3,750),(751,'pending','Aestus aptus carus angelus vergo.',2,751),(752,'approved','Magnam tubineus volaticus crustulum arceo vere apud aduro utor curia.',1,752),(753,'approved','Talus velut demoror ante amplexus turbo cupiditate.',1,753),(754,'rejected','Usque id spoliatio cerno agnitio sulum aegre benigne.',3,754),(755,'pending','Certe solium stips denuo decor comedo.',2,755),(756,'pending','Communis accusator esse strues.',2,756),(757,'approved','Desidero conduco cultellus spiculum tempore speciosus tabesco taedium.',1,757),(758,'pending','Contra tenuis theologus aperiam praesentium autem dignissimos considero aequus.',2,758),(759,'rejected','Theatrum degenero stella agnosco vorax trado antepono perferendis.',2,759),(760,'pending','Amitto vulnero tonsor coepi molestiae veritatis cetera vigor.',3,760),(761,'rejected','Attero suppellex apparatus tunc aspicio admitto vehemens adsum fugiat.',2,761),(762,'rejected','Quas absorbeo sum ullam.',3,762),(763,'approved','Curia utroque tertius amitto.',2,763),(764,'rejected','Bestia sit thymbra agnosco spargo vilitas minima.',2,764),(765,'approved','Triumphus tui decet aeger.',3,765),(766,'rejected','Caecus voro thesis magni valens viduo voluptatum adeptio.',3,766),(767,'approved','Cras molestiae eveniet.',2,767),(768,'rejected','Via tabella ratione administratio culpa conicio argumentum velut.',2,768),(769,'pending','Desparatus harum molestiae amoveo uter fuga arcesso ut aegre.',1,769),(770,'approved','Blanditiis accusator animi.',1,770),(771,'approved','Contego dedico civitas verto vado acidus eos.',2,771),(772,'pending','Desipio adeo labore veniam sapiente conspergo.',2,772),(773,'approved','Tergeo basium congregatio facere esse.',1,773),(774,'approved','Contigo cavus adfero correptius accommodo.',2,774),(775,'pending','Alioqui dolores coerceo ultra arx pecus abundans.',1,775),(776,'pending','Atrocitas earum vulariter consuasor strues.',2,776),(777,'rejected','Dicta stipes advoco solum super aetas appositus ciminatio nihil deporto.',1,777),(778,'pending','Decens summisse angulus collum tabula volo arguo volaticus vicissitudo via.',2,778),(779,'pending','Collum desipio censura vel conscendo victus.',3,779),(780,'rejected','Voluptate ubi tredecim utroque amaritudo ad.',3,780),(781,'pending','Tergo delicate molestias aggredior adamo conspergo.',2,781),(782,'approved','Consequatur creo vociferor quis arto ancilla ceno crapula angustus.',1,782),(783,'rejected','Ater admoveo abstergo caecus adimpleo in suffragium.',3,783),(784,'approved','Possimus cubicularis careo vesica tamisium.',3,784),(785,'rejected','Teres accusantium uter decumbo aliquid repellat carcer.',3,785),(786,'rejected','Auctus excepturi provident vito solutio tactus aestas conforto tamquam addo.',1,786),(787,'approved','Delectus textor tego enim somnus advenio curto corrumpo.',1,787),(788,'rejected','Dedecor saepe itaque reprehenderit aliquam via temptatio ratione.',3,788),(789,'pending','Adnuo aegrotatio varius cinis.',2,789),(790,'pending','Apto desino aer a.',3,790),(791,'pending','Adflicto decumbo conitor thermae apparatus audax.',3,791),(792,'approved','Aedificium aduro odio carcer auctus consequuntur vicinus.',2,792),(793,'rejected','Creta sub curso apparatus degusto apto blanditiis amissio.',1,793),(794,'pending','Absorbeo vitiosus necessitatibus defero absconditus civitas audax voluptatem aeternus accedo.',1,794),(795,'pending','Aureus neque catena derelinquo.',3,795),(796,'rejected','Fugiat vitiosus debilito.',2,796),(797,'pending','Vulgo sequi pel usque agnitio spiritus spes cervus inventore.',3,797),(798,'pending','Temeritas commodi valde ab crepusculum utrimque accommodo.',2,798),(799,'rejected','Suadeo cibo spiculum clementia delicate tenuis conturbo.',3,799),(800,'pending','Versus vulgus aiunt desparatus acceptus paens adipisci sophismata theca trucido.',3,800),(801,'rejected','Surculus trepide crux vere surculus infit tabernus absorbeo vigilo deinde.',1,801),(802,'approved','Cursim ciminatio vis antepono alo antepono cauda una vir.',1,802),(803,'rejected','Titulus cumque usque esse venia sui soluta tenus.',3,803),(804,'rejected','Demonstro asporto turpis somnus vita cur aeger sapiente argentum consequuntur.',3,804),(805,'rejected','Aggero aperio vilitas.',1,805),(806,'rejected','Aestas advenio adeo.',3,806),(807,'approved','Nemo cetera suscipio talio voluptate talis sordeo auctor.',2,807),(808,'approved','Perspiciatis fugiat ultio.',1,808),(809,'rejected','Demens inventore vicinus cogito venustas auctus curtus ad non vere.',2,809),(810,'pending','Bardus turba conitor.',2,810),(811,'rejected','Stillicidium virga considero creber urbs repellendus trans teres.',2,811),(812,'rejected','Sit circumvenio tonsor decor quam.',1,812),(813,'rejected','Recusandae aliqua demonstro nobis cilicium facere.',3,813),(814,'pending','Venia admoneo claustrum.',1,814),(815,'pending','Decens adficio strenuus debilito velit.',2,815),(816,'rejected','Desino decimus trans una curatio nobis.',2,816),(817,'approved','Aveho altus demo aspernatur sumptus acer tot vesper sui.',2,817),(818,'pending','Cito vis blanditiis aufero ultio tepidus solus tristis.',3,818),(819,'pending','Verbum astrum curvo sapiente volubilis consuasor textilis.',1,819),(820,'approved','Cito adicio tempora avaritia accusamus aliqua tergeo.',1,820),(821,'pending','Bos possimus sustineo vesper amet aeternus amplexus valens.',3,821),(822,'rejected','Umquam concedo deripio velum decet pectus.',2,822),(823,'pending','Turbo adimpleo quo repudiandae cura quo calco.',2,823),(824,'approved','Tantum victoria unde conor contego cito esse curriculum maiores.',2,824),(825,'rejected','Cui pauper usus canis angelus desparatus spiculum cubo delego consuasor.',3,825),(826,'approved','Desino quidem vitium impedit vobis abbas.',2,826),(827,'approved','Trans cohibeo atavus.',2,827),(828,'rejected','Arcesso calco harum.',3,828),(829,'approved','Terebro perspiciatis taedium amoveo possimus depopulo tot careo.',2,829),(830,'rejected','Vinitor saepe caritas delego suus.',2,830),(831,'pending','Cupiditas canis sollers consequatur tot.',2,831),(832,'rejected','Capillus appono debitis tero acerbitas aspicio summopere subito deporto.',1,832),(833,'pending','Subseco admoveo cometes.',2,833),(834,'approved','Dignissimos vindico angulus libero.',2,834),(835,'approved','Allatus avaritia aestas thesis aggero civis absorbeo.',2,835),(836,'rejected','Amitto comes adsum utrimque iste odio.',3,836),(837,'approved','At candidus acies.',2,837),(838,'rejected','Alius vesica copia depopulo tero thesis adipiscor studio statua.',1,838),(839,'pending','Tres decumbo vulariter iusto venia numquam aureus ars temporibus.',3,839),(840,'pending','Verumtamen valetudo curriculum adsuesco alioqui ver repellat amiculum.',2,840),(841,'pending','Conor cultura accusator vilitas basium turba.',2,841),(842,'pending','Curso autem asper tollo.',1,842),(843,'rejected','Complectus suffragium summopere culpo volo vos assentator.',3,843),(844,'approved','Tricesimus temporibus adulescens argumentum acsi tonsor tametsi voluptate compono.',1,844),(845,'pending','Deduco atrox thalassinus acsi delego recusandae vae adfectus cohors.',1,845),(846,'approved','Crudelis termes uxor comitatus vesica ultio templum depono adiuvo.',2,846),(847,'approved','Tum approbo pecto statim thermae.',1,847),(848,'rejected','Aeternus thymum capto.',2,848),(849,'approved','Defungo creta comis cimentarius.',2,849),(850,'pending','Sopor cavus sperno paens sumptus pariatur desolo acerbitas defaeco.',2,850),(851,'rejected','Crinis vehemens acer adeptio cubitum ulterius valeo corona arcus voluptatum.',3,851),(852,'approved','Cuius arx abundans.',1,852),(853,'pending','Talis conturbo verus surgo argentum spero cibus venustas agnitio.',1,853),(854,'approved','Ancilla corrupti cruentus circumvenio peior vita cernuus.',3,854),(855,'approved','Cupressus praesentium dens voluptate.',3,855),(856,'rejected','Cohaero temperantia callide bis speciosus territo ater consuasor.',2,856),(857,'approved','Compello pariatur undique aliquid pariatur.',2,857),(858,'rejected','Ulciscor cometes creptio summa.',1,858),(859,'pending','Audentia aegre versus depopulo.',3,859),(860,'rejected','Versus varius amplitudo cubicularis vestigium.',3,860),(861,'rejected','Sumo ipsa tibi uter corroboro conatus tempore architecto antepono ascisco.',3,861),(862,'rejected','Cinis conqueror conforto curo eius aegrus traho arto.',3,862),(863,'approved','Suadeo dolores argentum adsum ultio voluptates.',1,863),(864,'approved','Cura corpus venia.',3,864),(865,'approved','Bene ars vulariter speciosus verecundia comes voluptatibus.',2,865),(866,'rejected','Corpus bos aurum excepturi at.',3,866),(867,'approved','Claudeo tempora atrox terebro constans virga.',1,867),(868,'pending','Thema tondeo patria deserunt alii.',2,868),(869,'pending','Vox volutabrum velit ex.',1,869),(870,'approved','Cupiditate absconditus sponte demonstro cohaero.',2,870),(871,'pending','Vulgaris quis nesciunt.',3,871),(872,'rejected','Facilis tabesco tepesco a aptus repellat cubitum tantillus adficio.',2,872),(873,'approved','Aequitas tenus suffragium calco audio denique vorago aer adamo baiulus.',1,873),(874,'pending','Beatae utor solio coniuratio bis aiunt defaeco adsum delego.',2,874),(875,'approved','Solum minima subvenio videlicet molestiae doloribus.',2,875),(876,'rejected','Alveus coruscus adiuvo vinco.',2,876);
/*!40000 ALTER TABLE `report` ENABLE KEYS */;
UNLOCK TABLES;

--
-- Table structure for table `transactions`
--

DROP TABLE IF EXISTS `transactions`;
/*!40101 SET @saved_cs_client     = @@character_set_client */;
/*!50503 SET character_set_client = utf8mb4 */;
CREATE TABLE `transactions` (
  `idtransactions` int NOT NULL AUTO_INCREMENT,
  `type` varchar(20) NOT NULL,
  `amount` decimal(15,2) NOT NULL,
  `date_time` datetime NOT NULL,
  `account_idaccount` int NOT NULL,
  `employees_idemployees` int NOT NULL,
  PRIMARY KEY (`idtransactions`),
  KEY `fk_transaction_account1_idx` (`account_idaccount`),
  KEY `fk_transaction_employees1_idx` (`employees_idemployees`),
  CONSTRAINT `fk_transaction_account1` FOREIGN KEY (`account_idaccount`) REFERENCES `account` (`idaccount`),
  CONSTRAINT `fk_transaction_employees1` FOREIGN KEY (`employees_idemployees`) REFERENCES `employees` (`idemployees`)
) ENGINE=InnoDB AUTO_INCREMENT=877 DEFAULT CHARSET=utf8mb3;
/*!40101 SET character_set_client = @saved_cs_client */;

--
-- Dumping data for table `transactions`
--

LOCK TABLES `transactions` WRITE;
/*!40000 ALTER TABLE `transactions` DISABLE KEYS */;
INSERT INTO `transactions` VALUES (1,'withdraw',43146.00,'2024-12-13 13:06:07',1,3),(2,'transfer',20924.00,'2025-06-14 14:05:49',1,11),(3,'withdraw',43890.00,'2025-07-30 18:54:39',1,4),(4,'deposit',12603.00,'2025-02-18 00:23:08',1,1),(5,'withdraw',43850.00,'2025-06-18 06:55:17',1,17),(6,'deposit',36885.00,'2025-01-02 15:51:45',2,13),(7,'deposit',9237.00,'2025-02-07 01:20:32',2,6),(8,'withdraw',30989.00,'2025-06-30 04:13:57',2,17),(9,'withdraw',44490.00,'2025-01-03 19:29:19',3,10),(10,'deposit',2408.00,'2025-01-17 05:31:06',3,7),(11,'withdraw',46209.00,'2025-03-19 08:37:41',4,17),(12,'deposit',12949.00,'2025-05-12 18:19:23',4,11),(13,'deposit',32258.00,'2025-01-29 13:18:40',5,12),(14,'deposit',2288.00,'2025-02-24 16:31:58',5,11),(15,'deposit',45385.00,'2025-03-22 18:48:08',5,20),(16,'deposit',36513.00,'2025-05-01 10:51:20',6,3),(17,'deposit',24980.00,'2024-11-11 23:32:24',7,17),(18,'withdraw',20888.00,'2024-10-07 03:14:01',7,7),(19,'withdraw',21987.00,'2025-09-18 09:29:48',7,12),(20,'transfer',17447.00,'2025-06-20 13:21:43',7,7),(21,'withdraw',21301.00,'2024-10-27 19:44:20',8,5),(22,'deposit',35991.00,'2024-11-25 23:08:23',8,9),(23,'withdraw',19000.00,'2024-11-28 22:15:35',8,7),(24,'withdraw',26037.00,'2025-05-27 12:23:20',8,11),(25,'transfer',30154.00,'2024-10-14 12:04:00',9,15),(26,'deposit',18219.00,'2025-06-11 04:34:31',9,18),(27,'withdraw',38325.00,'2024-11-12 11:37:18',9,6),(28,'deposit',21911.00,'2025-07-19 11:07:53',9,3),(29,'deposit',31362.00,'2025-08-28 22:59:38',9,11),(30,'withdraw',5729.00,'2024-10-27 19:00:00',10,1),(31,'withdraw',6994.00,'2025-08-14 00:51:47',10,5),(32,'transfer',47878.00,'2025-06-27 09:33:19',10,1),(33,'deposit',18901.00,'2025-08-27 19:57:07',10,1),(34,'deposit',23794.00,'2025-06-26 14:55:20',11,10),(35,'deposit',41987.00,'2025-01-31 12:53:07',11,1),(36,'deposit',19472.00,'2024-10-14 18:19:30',11,18),(37,'withdraw',2708.00,'2025-08-06 04:47:04',11,10),(38,'deposit',27105.00,'2025-08-24 00:54:22',11,1),(39,'withdraw',47898.00,'2025-06-13 04:29:48',12,8),(40,'deposit',621.00,'2025-06-01 20:34:08',12,20),(41,'deposit',15805.00,'2025-07-04 09:30:40',12,9),(42,'deposit',2310.00,'2025-04-12 21:47:22',13,6),(43,'withdraw',35182.00,'2024-11-30 23:03:50',13,14),(44,'transfer',25814.00,'2025-03-09 19:42:48',14,6),(45,'withdraw',17451.00,'2025-04-07 01:07:25',14,16),(46,'withdraw',7966.00,'2024-12-27 22:17:06',14,4),(47,'withdraw',42977.00,'2024-10-31 17:30:38',14,10),(48,'transfer',10160.00,'2024-12-12 21:16:39',15,10),(49,'deposit',34468.00,'2025-04-08 12:18:05',15,2),(50,'withdraw',6712.00,'2024-11-30 17:56:57',15,4),(51,'deposit',28245.00,'2025-09-10 08:00:54',16,19),(52,'withdraw',28357.00,'2025-01-23 21:31:47',16,10),(53,'deposit',9735.00,'2025-01-05 22:47:16',17,2),(54,'withdraw',7225.00,'2025-05-17 02:27:37',17,4),(55,'withdraw',39839.00,'2024-11-11 17:52:08',17,7),(56,'withdraw',21315.00,'2024-11-16 03:30:42',18,10),(57,'deposit',19359.00,'2025-05-01 15:40:51',18,11),(58,'transfer',11557.00,'2025-09-05 19:32:25',19,12),(59,'transfer',49698.00,'2025-03-04 17:37:00',19,6),(60,'deposit',31318.00,'2025-08-31 06:59:09',20,17),(61,'withdraw',35968.00,'2025-06-09 13:33:43',21,10),(62,'withdraw',17373.00,'2025-01-20 21:59:33',21,14),(63,'withdraw',46649.00,'2025-03-26 17:59:31',21,1),(64,'deposit',9704.00,'2025-06-18 16:26:32',22,20),(65,'withdraw',24072.00,'2025-08-26 08:52:16',22,14),(66,'deposit',47706.00,'2025-07-02 07:46:14',22,18),(67,'withdraw',16573.00,'2025-01-01 12:44:06',22,19),(68,'transfer',44288.00,'2025-02-07 20:03:09',23,19),(69,'transfer',47675.00,'2025-02-27 00:52:18',23,11),(70,'transfer',43249.00,'2024-09-22 08:18:14',23,9),(71,'withdraw',8341.00,'2025-08-26 01:00:22',23,19),(72,'withdraw',49441.00,'2024-11-13 22:29:12',23,1),(73,'withdraw',44185.00,'2025-09-15 11:08:10',24,20),(74,'transfer',47328.00,'2025-06-12 19:44:08',24,17),(75,'transfer',15201.00,'2025-01-12 07:10:50',24,13),(76,'deposit',10784.00,'2025-08-13 05:56:01',24,7),(77,'transfer',46023.00,'2025-04-08 20:29:11',25,14),(78,'deposit',40397.00,'2025-08-02 21:45:13',25,17),(79,'deposit',24293.00,'2025-06-13 05:48:36',25,14),(80,'withdraw',26925.00,'2024-09-24 02:02:59',25,1),(81,'deposit',48298.00,'2025-05-25 22:44:43',26,2),(82,'withdraw',10178.00,'2025-02-24 10:56:02',26,18),(83,'deposit',37768.00,'2025-07-26 14:58:03',26,19),(84,'transfer',47973.00,'2025-02-13 01:18:29',26,3),(85,'deposit',25557.00,'2025-06-11 07:43:50',27,6),(86,'transfer',28959.00,'2025-06-25 07:17:28',28,14),(87,'deposit',27708.00,'2025-08-11 10:41:15',28,1),(88,'transfer',22760.00,'2025-06-28 14:55:19',28,11),(89,'withdraw',16831.00,'2025-01-05 11:50:57',29,1),(90,'withdraw',5811.00,'2025-05-08 12:15:57',29,16),(91,'transfer',2677.00,'2025-06-23 10:53:32',30,12),(92,'withdraw',30023.00,'2025-07-07 03:01:53',31,13),(93,'transfer',26433.00,'2024-11-29 17:59:40',31,18),(94,'transfer',7046.00,'2025-08-11 16:09:07',31,8),(95,'withdraw',30984.00,'2025-09-11 12:56:33',32,13),(96,'deposit',37059.00,'2025-08-22 06:44:45',32,15),(97,'withdraw',44531.00,'2025-04-05 08:38:20',33,6),(98,'withdraw',19892.00,'2025-04-26 16:29:10',33,14),(99,'transfer',44346.00,'2025-04-22 01:54:51',33,14),(100,'transfer',17214.00,'2025-04-12 11:50:37',34,9),(101,'transfer',37929.00,'2024-12-09 17:24:13',34,6),(102,'withdraw',40538.00,'2025-04-15 12:20:59',34,1),(103,'transfer',29968.00,'2024-11-14 00:32:32',35,6),(104,'deposit',41784.00,'2025-04-18 05:09:04',35,8),(105,'withdraw',9847.00,'2025-05-22 04:21:58',35,8),(106,'withdraw',31035.00,'2025-07-16 19:41:29',36,18),(107,'withdraw',35628.00,'2024-12-25 04:30:28',37,3),(108,'withdraw',15024.00,'2025-07-16 21:02:43',37,4),(109,'deposit',24814.00,'2025-01-31 08:48:52',37,6),(110,'deposit',49222.00,'2025-06-22 04:56:58',38,9),(111,'deposit',34911.00,'2025-03-12 13:28:49',38,14),(112,'transfer',39668.00,'2025-02-02 19:22:42',38,11),(113,'deposit',21379.00,'2025-03-16 13:47:16',38,18),(114,'deposit',22784.00,'2025-01-03 00:46:28',39,16),(115,'deposit',28734.00,'2025-08-30 02:08:41',39,9),(116,'withdraw',37256.00,'2025-01-04 00:31:58',39,1),(117,'withdraw',20857.00,'2024-12-26 03:43:54',40,12),(118,'withdraw',10338.00,'2024-11-21 00:42:07',40,20),(119,'transfer',36889.00,'2025-06-16 12:53:55',40,7),(120,'withdraw',12600.00,'2025-06-19 10:13:22',40,4),(121,'transfer',45467.00,'2024-10-11 18:35:01',41,15),(122,'deposit',8413.00,'2025-08-10 02:27:24',41,18),(123,'transfer',35547.00,'2024-10-14 07:06:23',41,8),(124,'deposit',9226.00,'2024-10-06 01:14:05',41,19),(125,'transfer',33406.00,'2024-10-11 05:45:23',41,18),(126,'transfer',3395.00,'2024-12-30 14:41:59',42,1),(127,'withdraw',30219.00,'2025-04-21 14:03:33',42,15),(128,'transfer',14893.00,'2025-01-27 10:44:03',42,6),(129,'transfer',16863.00,'2025-02-25 05:41:02',43,20),(130,'transfer',31462.00,'2024-10-08 14:46:35',43,12),(131,'deposit',35162.00,'2025-09-14 10:50:35',43,8),(132,'withdraw',8139.00,'2025-09-15 12:05:21',43,17),(133,'withdraw',39949.00,'2025-05-21 09:30:27',43,3),(134,'transfer',16826.00,'2025-04-07 13:37:17',44,5),(135,'withdraw',35005.00,'2025-05-23 00:12:20',44,6),(136,'deposit',49654.00,'2025-04-26 08:09:45',44,4),(137,'deposit',13181.00,'2025-09-19 04:41:09',45,8),(138,'deposit',25553.00,'2025-01-23 06:58:33',45,16),(139,'withdraw',6854.00,'2025-04-20 01:04:54',45,3),(140,'withdraw',7673.00,'2025-06-27 01:15:12',45,16),(141,'withdraw',1404.00,'2024-10-29 03:05:34',46,8),(142,'deposit',8691.00,'2025-07-11 12:12:59',46,4),(143,'transfer',22022.00,'2024-11-04 13:45:58',46,7),(144,'deposit',1824.00,'2024-10-28 19:24:04',46,13),(145,'deposit',7728.00,'2025-02-02 15:38:37',46,18),(146,'deposit',9176.00,'2025-05-09 12:54:44',47,10),(147,'deposit',6639.00,'2025-03-06 02:29:59',47,17),(148,'transfer',44005.00,'2025-05-12 23:05:37',48,11),(149,'withdraw',33848.00,'2024-11-16 20:04:21',49,19),(150,'withdraw',21149.00,'2025-09-06 11:57:07',50,6),(151,'transfer',9927.00,'2025-06-22 04:45:26',51,4),(152,'deposit',20501.00,'2025-08-04 19:32:43',52,13),(153,'transfer',16215.00,'2025-03-21 16:39:59',53,13),(154,'deposit',8602.00,'2024-11-22 17:05:06',53,12),(155,'deposit',7226.00,'2025-01-25 10:14:49',53,16),(156,'withdraw',40162.00,'2025-02-07 23:33:48',53,9),(157,'deposit',33036.00,'2025-08-05 18:27:34',54,16),(158,'transfer',20469.00,'2025-03-04 10:14:30',54,15),(159,'deposit',31921.00,'2025-08-18 00:50:18',54,14),(160,'deposit',35509.00,'2025-07-05 10:37:23',54,9),(161,'withdraw',4131.00,'2024-11-26 20:29:26',55,5),(162,'withdraw',6320.00,'2024-12-11 03:54:12',55,13),(163,'deposit',37915.00,'2024-12-06 08:56:22',56,6),(164,'deposit',27077.00,'2025-08-26 11:30:46',56,10),(165,'deposit',44673.00,'2024-10-11 00:23:46',56,18),(166,'transfer',13529.00,'2024-11-29 21:28:43',57,5),(167,'deposit',9545.00,'2025-06-08 09:11:24',57,18),(168,'withdraw',1452.00,'2025-03-25 04:41:43',57,12),(169,'transfer',21248.00,'2025-01-07 03:59:08',57,1),(170,'withdraw',237.00,'2025-01-10 00:17:45',58,7),(171,'deposit',2318.00,'2025-01-17 17:19:24',58,9),(172,'deposit',25469.00,'2024-11-27 15:14:30',58,20),(173,'withdraw',6317.00,'2024-12-20 15:23:54',58,17),(174,'transfer',666.00,'2024-11-17 07:33:07',59,7),(175,'deposit',47873.00,'2024-11-30 21:17:29',59,6),(176,'transfer',12150.00,'2025-08-17 14:06:56',59,19),(177,'withdraw',20047.00,'2025-08-27 09:13:15',59,18),(178,'transfer',47576.00,'2024-12-19 14:57:51',60,4),(179,'transfer',5979.00,'2025-03-15 06:37:23',60,1),(180,'transfer',45079.00,'2025-06-17 10:18:03',61,3),(181,'deposit',177.00,'2025-07-01 16:22:20',61,6),(182,'transfer',44172.00,'2025-03-18 15:03:30',62,7),(183,'transfer',49585.00,'2025-07-01 17:49:37',62,10),(184,'deposit',14439.00,'2025-02-24 21:45:16',62,14),(185,'deposit',9867.00,'2025-03-27 10:35:04',62,17),(186,'deposit',45025.00,'2024-11-17 04:45:49',63,6),(187,'transfer',12367.00,'2024-09-29 15:24:16',63,2),(188,'transfer',34160.00,'2025-06-15 00:18:12',63,13),(189,'withdraw',1323.00,'2025-08-02 17:57:28',63,8),(190,'deposit',17967.00,'2024-12-10 14:05:08',63,10),(191,'withdraw',2488.00,'2024-10-05 21:46:45',64,11),(192,'withdraw',20137.00,'2025-01-07 03:58:33',64,4),(193,'deposit',1069.00,'2025-03-18 02:47:17',64,9),(194,'transfer',23377.00,'2024-12-11 09:05:18',65,11),(195,'transfer',45361.00,'2024-11-05 15:12:15',65,15),(196,'withdraw',16006.00,'2025-08-22 19:59:11',65,5),(197,'withdraw',21999.00,'2025-08-05 04:21:06',66,16),(198,'deposit',21966.00,'2025-07-18 02:42:50',67,10),(199,'deposit',41657.00,'2025-07-01 23:13:47',67,7),(200,'transfer',5338.00,'2025-07-31 12:00:30',68,19),(201,'withdraw',33205.00,'2025-08-10 11:15:49',69,2),(202,'withdraw',14828.00,'2025-01-03 17:04:06',70,5),(203,'deposit',4203.00,'2025-02-25 04:28:00',70,10),(204,'deposit',34741.00,'2025-02-28 03:46:37',71,15),(205,'deposit',26230.00,'2025-07-05 21:28:05',71,18),(206,'transfer',7636.00,'2024-10-15 15:16:34',71,13),(207,'deposit',33283.00,'2024-09-23 22:47:01',71,4),(208,'transfer',48212.00,'2025-09-06 18:45:56',71,8),(209,'transfer',36600.00,'2024-10-20 01:23:55',72,8),(210,'deposit',17751.00,'2025-05-06 12:24:22',72,2),(211,'transfer',9436.00,'2025-08-20 12:42:02',72,4),(212,'withdraw',33247.00,'2025-08-17 01:17:21',72,14),(213,'withdraw',46942.00,'2025-04-10 10:49:25',72,20),(214,'deposit',26085.00,'2025-04-27 05:09:35',73,8),(215,'withdraw',28185.00,'2024-11-17 23:42:41',73,17),(216,'withdraw',42525.00,'2025-01-03 03:59:56',73,5),(217,'transfer',6911.00,'2025-03-25 12:19:49',73,10),(218,'deposit',17536.00,'2025-06-27 21:14:35',74,14),(219,'transfer',5012.00,'2025-04-18 09:44:09',74,3),(220,'withdraw',16624.00,'2025-07-06 08:31:29',74,11),(221,'withdraw',45342.00,'2025-06-07 06:05:24',74,15),(222,'deposit',31731.00,'2025-04-15 08:06:58',75,18),(223,'withdraw',35187.00,'2025-09-14 15:22:33',75,7),(224,'deposit',7900.00,'2025-08-23 11:55:57',75,18),(225,'transfer',47715.00,'2025-06-18 15:24:16',75,19),(226,'transfer',43821.00,'2024-11-27 23:14:57',75,7),(227,'transfer',14699.00,'2025-01-06 19:03:43',76,1),(228,'withdraw',8559.00,'2025-01-07 02:01:53',76,17),(229,'deposit',43972.00,'2024-10-23 16:53:31',76,9),(230,'deposit',36931.00,'2025-04-14 00:28:17',77,1),(231,'withdraw',32078.00,'2025-06-19 15:25:54',77,7),(232,'transfer',1311.00,'2025-02-28 14:34:15',77,12),(233,'deposit',7962.00,'2025-06-30 07:06:15',78,19),(234,'withdraw',43574.00,'2024-09-20 15:07:07',78,12),(235,'transfer',47102.00,'2025-08-30 20:47:08',78,10),(236,'deposit',29617.00,'2024-10-04 04:20:21',78,16),(237,'transfer',13624.00,'2025-04-18 12:22:28',79,18),(238,'withdraw',16398.00,'2025-05-09 09:10:38',79,6),(239,'deposit',14161.00,'2025-03-12 23:27:01',79,10),(240,'withdraw',27375.00,'2024-10-17 16:18:34',79,1),(241,'transfer',46639.00,'2025-08-10 21:32:26',80,11),(242,'transfer',6648.00,'2025-03-16 16:18:14',80,5),(243,'transfer',29958.00,'2025-06-22 05:43:53',80,12),(244,'deposit',19478.00,'2025-07-25 02:00:45',81,1),(245,'withdraw',44413.00,'2024-12-16 20:43:44',81,6),(246,'deposit',15024.00,'2025-07-23 08:28:02',81,12),(247,'transfer',12777.00,'2025-01-03 23:31:03',81,7),(248,'withdraw',9626.00,'2024-12-26 19:24:39',82,14),(249,'withdraw',15274.00,'2025-08-21 11:31:18',82,3),(250,'deposit',22373.00,'2025-03-16 18:38:43',82,12),(251,'transfer',6106.00,'2024-12-31 21:57:00',82,8),(252,'deposit',41862.00,'2024-12-20 21:04:25',82,15),(253,'transfer',18174.00,'2025-04-10 00:05:53',83,10),(254,'withdraw',40850.00,'2025-05-31 07:22:07',83,7),(255,'withdraw',12513.00,'2025-05-25 11:36:53',83,4),(256,'withdraw',9259.00,'2025-08-15 04:08:15',83,15),(257,'deposit',37035.00,'2025-02-01 11:26:02',84,13),(258,'transfer',37936.00,'2025-08-09 19:16:37',85,16),(259,'transfer',16061.00,'2025-01-03 06:59:14',85,2),(260,'transfer',37635.00,'2025-03-09 18:03:08',85,12),(261,'withdraw',7930.00,'2025-03-03 12:10:00',85,4),(262,'transfer',37031.00,'2024-12-05 11:58:25',85,12),(263,'deposit',18317.00,'2025-05-27 11:13:55',86,20),(264,'withdraw',31362.00,'2025-09-06 14:27:48',86,4),(265,'deposit',43517.00,'2024-10-27 18:06:47',87,3),(266,'deposit',2950.00,'2025-01-29 18:52:43',87,18),(267,'transfer',17918.00,'2025-07-09 23:21:00',88,20),(268,'transfer',22297.00,'2025-06-04 01:51:56',88,16),(269,'transfer',13378.00,'2025-06-13 16:21:38',89,8),(270,'deposit',7538.00,'2024-11-23 06:11:15',89,10),(271,'transfer',17420.00,'2025-06-04 03:10:37',89,12),(272,'transfer',20977.00,'2025-01-27 08:56:48',89,9),(273,'deposit',8945.00,'2024-10-18 03:45:41',89,19),(274,'deposit',22460.00,'2024-12-07 12:27:46',90,17),(275,'transfer',28603.00,'2025-03-08 11:29:31',90,15),(276,'transfer',4476.00,'2024-12-26 19:19:46',90,2),(277,'deposit',25701.00,'2025-07-27 21:23:57',90,13),(278,'deposit',34164.00,'2025-06-21 17:47:52',91,9),(279,'deposit',27843.00,'2025-04-13 09:11:44',92,16),(280,'transfer',23598.00,'2024-12-29 03:28:49',92,11),(281,'transfer',1406.00,'2025-02-20 00:09:05',93,19),(282,'withdraw',24902.00,'2024-11-07 20:08:26',93,12),(283,'deposit',359.00,'2024-11-05 17:04:54',94,18),(284,'withdraw',32800.00,'2025-08-08 16:08:15',94,19),(285,'transfer',7560.00,'2025-08-07 05:57:35',94,4),(286,'withdraw',16873.00,'2025-05-12 03:12:36',94,3),(287,'withdraw',1964.00,'2024-12-13 07:51:55',95,15),(288,'transfer',37131.00,'2025-08-11 15:47:06',95,19),(289,'withdraw',23773.00,'2024-10-26 04:42:18',95,18),(290,'withdraw',17079.00,'2025-03-28 08:58:54',95,8),(291,'withdraw',42691.00,'2025-01-07 23:11:46',96,20),(292,'deposit',36954.00,'2024-10-03 12:58:25',96,18),(293,'withdraw',7145.00,'2025-07-16 06:53:38',97,18),(294,'withdraw',40484.00,'2025-05-26 21:43:29',97,8),(295,'transfer',5224.00,'2024-10-25 16:39:26',97,3),(296,'withdraw',23221.00,'2025-02-25 05:13:57',97,4),(297,'withdraw',15740.00,'2025-06-02 19:09:24',97,8),(298,'withdraw',28990.00,'2025-02-24 11:40:05',98,6),(299,'withdraw',4690.00,'2025-08-12 16:21:57',99,6),(300,'deposit',29621.00,'2025-06-22 07:25:35',99,8),(301,'transfer',20511.00,'2025-01-12 21:58:56',99,2),(302,'transfer',11220.00,'2025-07-13 17:48:04',100,20),(303,'withdraw',28035.00,'2025-01-21 02:40:13',100,10),(304,'transfer',10978.00,'2024-09-28 11:24:42',100,15),(305,'withdraw',37012.00,'2024-10-31 20:15:39',101,19),(306,'withdraw',37000.00,'2024-10-31 02:19:49',101,16),(307,'deposit',26390.00,'2024-10-18 22:44:18',102,16),(308,'withdraw',24421.00,'2024-09-22 07:04:28',103,7),(309,'transfer',2645.00,'2024-12-30 13:11:05',103,12),(310,'deposit',28655.00,'2024-10-17 14:10:41',103,18),(311,'withdraw',22175.00,'2025-05-15 17:59:18',103,19),(312,'withdraw',20672.00,'2024-12-15 12:56:12',103,20),(313,'deposit',34529.00,'2024-10-26 01:59:48',104,7),(314,'deposit',2409.00,'2025-08-23 21:03:40',105,9),(315,'withdraw',31879.00,'2024-10-02 14:03:20',106,1),(316,'withdraw',9920.00,'2025-04-23 22:01:03',107,7),(317,'withdraw',6593.00,'2024-11-09 08:25:15',108,13),(318,'withdraw',48162.00,'2025-07-11 14:49:28',109,6),(319,'withdraw',39434.00,'2025-01-27 07:32:20',109,13),(320,'withdraw',39604.00,'2025-01-10 15:21:29',109,7),(321,'transfer',23817.00,'2025-07-05 00:51:38',109,14),(322,'deposit',2989.00,'2025-08-04 08:18:06',110,20),(323,'transfer',12395.00,'2024-12-16 14:39:53',110,13),(324,'withdraw',6209.00,'2025-06-01 06:23:47',111,14),(325,'deposit',31313.00,'2025-06-27 20:35:40',111,15),(326,'deposit',24590.00,'2025-02-22 00:58:17',111,15),(327,'transfer',9218.00,'2025-05-15 21:19:16',112,14),(328,'deposit',25221.00,'2024-10-29 23:28:54',113,17),(329,'withdraw',19566.00,'2024-12-09 09:03:55',113,12),(330,'transfer',41943.00,'2025-08-29 13:34:58',113,9),(331,'withdraw',24181.00,'2025-05-02 00:11:11',114,12),(332,'withdraw',25567.00,'2024-11-29 09:14:22',115,19),(333,'deposit',25540.00,'2024-11-29 17:33:41',115,2),(334,'transfer',9697.00,'2025-08-26 05:55:02',115,19),(335,'withdraw',35778.00,'2025-01-17 14:55:46',115,14),(336,'deposit',13300.00,'2025-03-23 21:20:47',115,15),(337,'transfer',35985.00,'2025-06-10 06:10:12',116,12),(338,'transfer',43328.00,'2025-03-03 08:17:33',116,13),(339,'withdraw',3543.00,'2025-05-04 23:39:46',116,6),(340,'deposit',45534.00,'2025-01-05 07:18:40',117,4),(341,'transfer',49241.00,'2024-12-12 00:33:51',117,14),(342,'deposit',34949.00,'2025-08-11 09:43:35',117,11),(343,'deposit',26244.00,'2024-09-27 22:34:09',118,9),(344,'withdraw',16058.00,'2025-07-13 10:13:33',118,13),(345,'deposit',26060.00,'2024-10-12 05:23:20',118,2),(346,'transfer',47418.00,'2025-06-29 23:12:08',119,19),(347,'transfer',20540.00,'2025-04-14 09:44:16',119,16),(348,'deposit',17608.00,'2025-06-06 13:36:32',119,19),(349,'deposit',48168.00,'2025-02-10 11:35:43',119,17),(350,'withdraw',29155.00,'2025-03-10 19:10:10',120,8),(351,'deposit',2350.00,'2025-02-23 17:00:54',120,20),(352,'withdraw',31426.00,'2025-05-07 08:10:19',120,8),(353,'withdraw',33906.00,'2024-11-03 07:11:08',120,4),(354,'deposit',27995.00,'2025-03-29 17:10:32',120,10),(355,'withdraw',8922.00,'2025-08-21 16:57:49',121,6),(356,'withdraw',10493.00,'2025-02-07 09:36:29',121,18),(357,'deposit',1397.00,'2025-03-08 00:22:38',122,14),(358,'withdraw',20483.00,'2024-10-09 03:48:01',122,20),(359,'deposit',36280.00,'2025-06-17 19:10:27',122,6),(360,'transfer',16557.00,'2024-10-26 03:00:36',122,17),(361,'transfer',30337.00,'2025-01-26 06:53:49',122,8),(362,'transfer',7704.00,'2025-06-28 04:22:06',123,19),(363,'transfer',46439.00,'2025-01-19 03:09:45',123,10),(364,'withdraw',27689.00,'2025-09-06 03:16:32',123,14),(365,'transfer',43698.00,'2025-06-19 01:21:29',123,17),(366,'deposit',12527.00,'2025-06-16 13:30:42',123,3),(367,'transfer',49068.00,'2024-11-25 06:58:17',124,16),(368,'withdraw',29049.00,'2025-05-02 06:29:43',124,18),(369,'deposit',46754.00,'2024-12-31 09:20:29',124,9),(370,'deposit',18450.00,'2025-09-03 16:49:58',125,10),(371,'deposit',1910.00,'2025-06-14 23:40:45',125,9),(372,'withdraw',32082.00,'2024-12-16 15:19:44',125,16),(373,'withdraw',7502.00,'2025-04-17 23:48:10',125,5),(374,'transfer',731.00,'2024-11-11 22:26:09',125,12),(375,'deposit',46739.00,'2025-06-03 03:12:55',126,3),(376,'withdraw',24825.00,'2024-11-18 00:52:09',126,9),(377,'deposit',10679.00,'2024-10-12 12:24:08',126,6),(378,'deposit',31969.00,'2025-09-17 09:34:57',127,19),(379,'withdraw',26509.00,'2025-01-16 20:39:38',127,6),(380,'deposit',21348.00,'2025-01-12 18:23:48',127,14),(381,'withdraw',40100.00,'2025-03-18 06:12:24',128,9),(382,'withdraw',49908.00,'2024-12-22 11:37:22',128,1),(383,'deposit',7552.00,'2025-01-17 05:48:51',128,8),(384,'transfer',11171.00,'2025-07-20 05:49:18',128,10),(385,'withdraw',40217.00,'2025-02-20 06:02:39',128,8),(386,'withdraw',45104.00,'2025-01-06 23:10:51',129,17),(387,'transfer',23387.00,'2024-11-08 17:58:35',129,6),(388,'withdraw',1918.00,'2025-01-08 21:56:51',130,11),(389,'transfer',9961.00,'2024-10-10 00:08:30',130,18),(390,'transfer',17158.00,'2025-04-18 18:08:59',130,15),(391,'withdraw',39153.00,'2025-06-14 03:07:33',131,2),(392,'deposit',14103.00,'2025-05-10 09:31:22',132,1),(393,'withdraw',15245.00,'2024-12-28 20:44:11',133,19),(394,'transfer',7710.00,'2025-06-01 18:46:01',133,17),(395,'transfer',33219.00,'2025-05-14 19:36:59',133,16),(396,'withdraw',19377.00,'2025-04-23 21:50:12',134,1),(397,'withdraw',3037.00,'2025-01-11 10:16:49',134,11),(398,'transfer',40612.00,'2025-06-20 04:10:02',134,10),(399,'deposit',37988.00,'2025-06-21 07:29:42',135,2),(400,'transfer',30982.00,'2025-04-12 17:01:52',135,15),(401,'withdraw',19791.00,'2025-03-09 02:26:39',135,5),(402,'withdraw',38743.00,'2024-10-27 04:06:46',135,2),(403,'deposit',10155.00,'2025-01-26 10:23:57',135,8),(404,'withdraw',39717.00,'2025-07-20 06:36:01',136,6),(405,'transfer',46908.00,'2025-02-19 08:48:33',136,10),(406,'transfer',28707.00,'2025-01-11 08:04:52',137,13),(407,'deposit',415.00,'2025-03-10 01:33:59',137,15),(408,'withdraw',20814.00,'2024-12-30 12:26:47',138,3),(409,'deposit',14511.00,'2024-12-19 12:49:53',138,10),(410,'withdraw',43284.00,'2025-08-26 15:44:14',138,16),(411,'transfer',35856.00,'2025-08-22 20:31:12',139,10),(412,'transfer',1238.00,'2025-08-29 06:46:51',139,9),(413,'withdraw',9194.00,'2024-09-25 22:58:33',139,12),(414,'withdraw',43899.00,'2024-11-19 21:51:10',140,15),(415,'withdraw',13868.00,'2025-07-09 15:26:32',140,16),(416,'transfer',23687.00,'2025-06-23 06:51:42',141,5),(417,'withdraw',28190.00,'2024-10-08 16:22:09',141,9),(418,'transfer',9682.00,'2025-02-12 15:43:45',141,18),(419,'deposit',18716.00,'2025-08-06 03:36:15',141,5),(420,'deposit',33221.00,'2025-07-28 09:48:58',141,19),(421,'withdraw',4656.00,'2025-03-28 04:37:42',142,5),(422,'withdraw',11429.00,'2025-07-29 18:08:12',142,3),(423,'transfer',32537.00,'2025-01-18 18:00:18',142,18),(424,'transfer',44299.00,'2024-11-11 08:13:20',143,13),(425,'transfer',12565.00,'2024-12-20 00:58:29',144,10),(426,'transfer',4545.00,'2025-02-18 22:13:27',144,16),(427,'deposit',24581.00,'2025-07-19 15:16:12',144,10),(428,'transfer',46610.00,'2025-08-02 13:48:14',144,17),(429,'transfer',42769.00,'2025-05-12 18:05:44',144,14),(430,'deposit',12481.00,'2025-08-20 09:07:46',145,1),(431,'withdraw',12253.00,'2025-02-23 14:02:21',146,19),(432,'withdraw',19913.00,'2025-01-15 15:09:25',146,17),(433,'transfer',34083.00,'2025-05-29 22:29:01',147,6),(434,'deposit',35375.00,'2024-12-20 03:00:26',147,17),(435,'deposit',35547.00,'2025-05-15 12:54:55',148,14),(436,'transfer',15412.00,'2025-06-22 12:32:44',148,19),(437,'transfer',40701.00,'2025-07-03 05:48:44',148,20),(438,'transfer',46757.00,'2025-08-30 07:23:43',148,20),(439,'withdraw',36406.00,'2025-07-26 17:29:47',149,4),(440,'withdraw',43837.00,'2025-06-29 20:16:33',150,14),(441,'deposit',31371.00,'2024-10-28 21:54:49',150,16),(442,'deposit',13534.00,'2024-12-10 14:28:42',150,20),(443,'withdraw',41064.00,'2025-09-12 10:52:23',151,14),(444,'deposit',20569.00,'2024-11-03 19:02:53',151,15),(445,'deposit',46325.00,'2025-02-16 03:37:53',151,19),(446,'transfer',37543.00,'2025-06-14 12:31:27',151,4),(447,'withdraw',44492.00,'2025-06-11 06:13:27',152,19),(448,'deposit',17949.00,'2024-09-30 21:30:57',153,14),(449,'transfer',38136.00,'2025-04-12 23:41:44',153,13),(450,'transfer',37507.00,'2024-12-28 14:06:23',154,17),(451,'transfer',40984.00,'2025-07-30 01:37:46',154,8),(452,'withdraw',15674.00,'2024-10-15 13:20:04',155,12),(453,'withdraw',27020.00,'2025-06-07 22:13:53',155,8),(454,'withdraw',12701.00,'2025-02-23 07:00:24',156,3),(455,'withdraw',24205.00,'2025-01-31 20:53:56',156,12),(456,'withdraw',47076.00,'2025-06-28 04:16:15',156,11),(457,'withdraw',24917.00,'2024-10-01 11:01:53',156,4),(458,'deposit',28106.00,'2024-10-04 21:19:35',156,4),(459,'withdraw',44422.00,'2024-09-24 16:12:39',157,13),(460,'deposit',5588.00,'2024-11-05 23:55:48',157,2),(461,'transfer',27977.00,'2024-10-10 12:17:36',157,17),(462,'deposit',10719.00,'2025-05-17 21:41:04',157,1),(463,'deposit',25589.00,'2025-02-10 08:33:45',158,3),(464,'transfer',9028.00,'2025-06-03 16:49:38',158,10),(465,'deposit',4843.00,'2025-05-03 09:53:49',158,15),(466,'withdraw',36293.00,'2025-09-13 16:48:17',158,10),(467,'withdraw',36976.00,'2025-04-22 13:16:38',158,17),(468,'withdraw',45104.00,'2025-05-26 18:50:21',159,2),(469,'deposit',26608.00,'2025-01-20 11:43:42',159,2),(470,'deposit',46967.00,'2025-07-03 03:04:24',159,12),(471,'transfer',37874.00,'2025-08-08 03:09:40',159,2),(472,'transfer',10599.00,'2025-06-15 03:15:14',159,10),(473,'deposit',6971.00,'2025-09-03 06:08:46',160,20),(474,'deposit',43695.00,'2025-03-05 02:07:12',160,8),(475,'withdraw',3689.00,'2025-01-02 16:16:18',160,5),(476,'transfer',3634.00,'2024-11-16 03:54:42',160,8),(477,'withdraw',25470.00,'2024-10-05 18:14:25',160,13),(478,'withdraw',20319.00,'2024-09-20 13:50:47',161,2),(479,'transfer',46168.00,'2025-01-17 03:54:00',161,15),(480,'deposit',14689.00,'2025-03-22 10:26:56',161,17),(481,'transfer',46317.00,'2025-07-08 19:40:20',161,16),(482,'transfer',40859.00,'2025-06-11 19:23:20',161,3),(483,'deposit',28282.00,'2025-03-09 04:02:56',162,5),(484,'transfer',30731.00,'2025-04-10 11:51:39',162,3),(485,'deposit',46143.00,'2024-11-16 21:57:04',162,18),(486,'withdraw',41714.00,'2024-12-10 15:19:57',163,9),(487,'deposit',24133.00,'2025-07-10 18:49:44',164,3),(488,'withdraw',48896.00,'2025-04-16 20:06:24',164,16),(489,'withdraw',18394.00,'2024-09-19 08:56:36',164,17),(490,'transfer',31191.00,'2024-12-12 01:39:42',165,20),(491,'transfer',27936.00,'2025-06-27 22:36:15',165,15),(492,'withdraw',13864.00,'2025-04-11 23:53:51',165,16),(493,'transfer',35701.00,'2025-03-21 00:51:52',165,18),(494,'deposit',41652.00,'2025-04-18 20:55:20',165,12),(495,'withdraw',5512.00,'2024-12-21 07:38:30',166,12),(496,'transfer',2191.00,'2025-04-23 23:01:00',166,3),(497,'deposit',26512.00,'2025-02-18 02:29:54',166,5),(498,'transfer',33492.00,'2025-06-26 21:34:40',166,13),(499,'withdraw',43508.00,'2025-03-27 09:12:52',166,9),(500,'transfer',39286.00,'2025-02-23 09:03:50',167,9),(501,'transfer',5364.00,'2024-11-01 23:11:46',167,2),(502,'withdraw',37991.00,'2025-02-27 05:13:40',167,8),(503,'deposit',47063.00,'2024-10-18 02:37:35',167,16),(504,'withdraw',4611.00,'2024-11-21 23:55:20',168,15),(505,'withdraw',26944.00,'2025-08-17 21:47:30',168,20),(506,'withdraw',32069.00,'2024-11-01 18:00:55',168,18),(507,'deposit',10359.00,'2025-09-07 21:35:59',168,8),(508,'transfer',34052.00,'2025-02-26 23:15:14',169,20),(509,'transfer',10946.00,'2025-03-19 05:09:46',169,4),(510,'withdraw',20237.00,'2024-10-01 12:07:54',169,17),(511,'withdraw',28231.00,'2024-10-05 04:51:45',169,1),(512,'deposit',27811.00,'2024-12-18 15:11:52',169,6),(513,'withdraw',47163.00,'2025-07-14 13:27:11',170,11),(514,'withdraw',13962.00,'2025-05-12 05:12:16',170,3),(515,'deposit',26915.00,'2024-11-22 09:41:06',170,2),(516,'transfer',3203.00,'2025-02-21 17:16:43',171,18),(517,'withdraw',10192.00,'2025-04-23 07:00:38',172,1),(518,'transfer',15539.00,'2024-11-10 19:42:45',172,20),(519,'withdraw',3483.00,'2025-01-15 20:47:29',172,15),(520,'transfer',33311.00,'2024-10-18 18:31:22',172,18),(521,'deposit',13093.00,'2025-05-04 02:10:34',173,8),(522,'withdraw',33810.00,'2025-02-25 09:06:09',173,15),(523,'transfer',2741.00,'2025-04-22 01:15:58',174,19),(524,'transfer',24272.00,'2025-03-14 04:55:13',174,2),(525,'transfer',26948.00,'2024-11-21 14:29:30',174,15),(526,'deposit',39493.00,'2025-04-23 01:00:11',174,13),(527,'deposit',47475.00,'2025-03-18 10:41:45',174,7),(528,'withdraw',47408.00,'2025-07-13 08:37:51',175,15),(529,'deposit',23207.00,'2025-08-31 00:27:32',175,11),(530,'deposit',44468.00,'2025-08-11 19:47:17',175,13),(531,'deposit',44091.00,'2025-07-03 18:25:00',175,14),(532,'deposit',49166.00,'2024-12-19 03:37:15',175,9),(533,'transfer',23808.00,'2025-03-20 08:02:55',176,1),(534,'transfer',13581.00,'2025-02-02 07:17:59',176,8),(535,'transfer',14659.00,'2025-08-22 12:56:26',176,9),(536,'withdraw',32884.00,'2025-05-30 03:13:59',176,10),(537,'withdraw',14817.00,'2025-05-10 21:54:48',176,3),(538,'deposit',23349.00,'2025-08-22 09:00:18',177,9),(539,'deposit',33932.00,'2025-05-24 20:54:56',177,2),(540,'transfer',36840.00,'2024-12-04 17:47:30',178,5),(541,'transfer',34085.00,'2024-11-05 09:13:54',178,14),(542,'transfer',28225.00,'2025-08-27 20:42:47',178,14),(543,'withdraw',36768.00,'2025-01-26 01:36:08',178,15),(544,'withdraw',44968.00,'2025-07-28 08:10:57',178,7),(545,'withdraw',1187.00,'2024-10-01 17:45:10',179,14),(546,'deposit',48070.00,'2025-01-31 13:22:03',179,16),(547,'transfer',19605.00,'2025-01-20 15:55:28',179,9),(548,'deposit',26836.00,'2024-10-19 03:27:23',180,10),(549,'deposit',21826.00,'2024-12-04 06:09:36',181,19),(550,'transfer',9296.00,'2025-09-12 09:33:57',181,8),(551,'transfer',21941.00,'2024-09-21 01:29:28',182,9),(552,'deposit',4285.00,'2024-09-25 05:01:18',183,20),(553,'withdraw',15629.00,'2024-10-25 14:05:41',183,10),(554,'deposit',10896.00,'2025-03-28 21:04:50',184,20),(555,'transfer',13089.00,'2025-01-10 09:39:24',184,14),(556,'withdraw',2538.00,'2025-06-13 11:24:08',184,18),(557,'deposit',13215.00,'2025-07-03 11:32:16',184,8),(558,'deposit',43407.00,'2024-11-09 01:04:21',184,15),(559,'withdraw',7990.00,'2025-07-10 23:11:42',185,3),(560,'transfer',43742.00,'2024-12-10 07:17:07',185,15),(561,'deposit',10354.00,'2025-07-15 21:20:51',186,10),(562,'withdraw',15135.00,'2025-02-25 23:19:25',186,5),(563,'withdraw',4123.00,'2025-03-12 12:33:22',186,7),(564,'deposit',38788.00,'2025-09-16 00:23:25',186,6),(565,'transfer',49109.00,'2024-12-25 10:57:50',186,9),(566,'transfer',40970.00,'2024-10-15 06:00:36',187,1),(567,'deposit',46238.00,'2025-07-10 17:37:01',187,6),(568,'deposit',41313.00,'2025-06-30 18:17:11',187,12),(569,'transfer',14787.00,'2024-10-21 01:40:46',187,9),(570,'transfer',15214.00,'2024-10-11 14:57:50',187,7),(571,'withdraw',11980.00,'2025-01-12 06:32:13',188,7),(572,'transfer',25938.00,'2025-05-16 13:03:09',188,10),(573,'withdraw',33861.00,'2024-09-21 02:02:19',188,19),(574,'transfer',39308.00,'2024-11-25 16:21:18',188,3),(575,'deposit',48286.00,'2024-12-12 12:06:20',189,6),(576,'transfer',9041.00,'2025-02-15 08:18:13',190,10),(577,'transfer',49777.00,'2025-07-12 22:49:21',190,15),(578,'transfer',23085.00,'2025-07-08 06:27:10',190,7),(579,'deposit',3647.00,'2025-02-26 18:02:38',191,11),(580,'deposit',18590.00,'2025-02-20 01:08:04',191,10),(581,'deposit',33902.00,'2025-05-13 21:31:40',191,18),(582,'transfer',38921.00,'2024-11-08 21:21:50',192,11),(583,'withdraw',47414.00,'2025-04-01 15:42:00',192,5),(584,'deposit',13839.00,'2025-02-22 15:50:43',193,8),(585,'deposit',13251.00,'2025-07-06 13:15:06',194,19),(586,'withdraw',31230.00,'2025-05-05 04:31:46',195,9),(587,'transfer',23661.00,'2025-09-08 01:49:44',196,3),(588,'deposit',43989.00,'2024-12-28 10:06:11',196,20),(589,'deposit',13750.00,'2025-06-12 03:13:18',196,8),(590,'transfer',13125.00,'2024-11-20 10:20:48',196,17),(591,'deposit',45597.00,'2025-04-07 12:08:25',196,16),(592,'deposit',16444.00,'2025-05-29 22:03:00',197,15),(593,'transfer',5235.00,'2025-06-06 15:52:12',197,11),(594,'transfer',49244.00,'2024-11-28 10:52:02',197,5),(595,'deposit',23412.00,'2025-05-29 21:27:39',198,7),(596,'withdraw',28920.00,'2025-09-05 00:19:14',199,1),(597,'transfer',32567.00,'2024-12-18 23:55:35',199,19),(598,'deposit',4423.00,'2025-08-28 04:41:33',199,10),(599,'deposit',4102.00,'2025-01-25 10:53:10',199,13),(600,'withdraw',8689.00,'2025-07-29 13:06:41',200,10),(601,'withdraw',41410.00,'2024-12-16 23:15:06',200,18),(602,'deposit',17882.00,'2025-03-14 21:10:15',201,12),(603,'withdraw',19392.00,'2025-01-17 01:41:23',201,16),(604,'withdraw',46627.00,'2025-07-27 05:02:35',201,12),(605,'withdraw',7176.00,'2025-03-04 04:37:29',201,11),(606,'transfer',5962.00,'2025-05-23 20:30:23',202,15),(607,'deposit',46381.00,'2025-03-22 02:49:49',202,19),(608,'deposit',35202.00,'2025-08-14 15:07:52',202,2),(609,'transfer',3110.00,'2025-02-01 11:04:42',202,13),(610,'transfer',5400.00,'2025-06-24 13:19:57',202,7),(611,'deposit',37655.00,'2025-05-06 23:20:18',203,13),(612,'deposit',40664.00,'2025-08-12 20:05:37',203,12),(613,'withdraw',43130.00,'2024-11-25 09:45:14',204,12),(614,'withdraw',23882.00,'2025-02-04 05:49:12',205,7),(615,'deposit',44203.00,'2025-01-23 18:37:50',205,3),(616,'transfer',49061.00,'2025-05-02 11:08:05',206,18),(617,'withdraw',13354.00,'2025-03-10 05:20:53',206,10),(618,'transfer',12315.00,'2024-12-17 06:53:55',207,10),(619,'transfer',5245.00,'2025-09-03 01:30:05',208,20),(620,'deposit',21504.00,'2025-05-16 18:32:41',209,6),(621,'withdraw',9964.00,'2025-07-21 15:22:07',210,15),(622,'deposit',7810.00,'2025-05-03 13:44:28',210,13),(623,'deposit',44177.00,'2025-04-26 22:47:46',210,9),(624,'transfer',43349.00,'2025-05-20 18:13:23',211,2),(625,'transfer',32989.00,'2024-10-02 08:16:44',211,7),(626,'transfer',41589.00,'2024-10-11 03:54:27',211,9),(627,'withdraw',28646.00,'2025-08-08 12:39:09',211,15),(628,'withdraw',38278.00,'2025-01-11 11:08:37',212,15),(629,'deposit',20053.00,'2025-04-21 08:06:56',212,2),(630,'deposit',41544.00,'2024-12-07 17:00:25',213,1),(631,'deposit',671.00,'2025-02-14 15:32:39',213,14),(632,'transfer',8196.00,'2024-09-27 02:45:57',213,16),(633,'withdraw',45061.00,'2025-09-10 15:27:52',213,6),(634,'deposit',8983.00,'2025-05-25 21:36:06',213,6),(635,'transfer',44327.00,'2024-11-11 03:31:16',214,15),(636,'deposit',25243.00,'2025-01-09 08:58:19',215,6),(637,'withdraw',33712.00,'2025-01-27 15:35:10',215,2),(638,'deposit',49304.00,'2025-06-14 23:02:49',215,12),(639,'deposit',36101.00,'2024-11-11 03:05:57',215,6),(640,'withdraw',16466.00,'2025-02-21 13:46:52',215,4),(641,'transfer',16296.00,'2024-11-03 19:46:03',216,8),(642,'withdraw',17014.00,'2024-10-16 10:38:38',217,20),(643,'transfer',31060.00,'2025-06-26 14:14:53',217,3),(644,'transfer',23449.00,'2025-02-14 23:34:16',217,14),(645,'transfer',36069.00,'2024-12-20 23:06:47',217,9),(646,'transfer',31543.00,'2025-02-18 15:39:06',218,18),(647,'deposit',22013.00,'2025-01-14 17:11:25',218,19),(648,'withdraw',24410.00,'2025-05-01 21:52:05',218,1),(649,'transfer',20291.00,'2025-08-06 06:43:37',219,10),(650,'deposit',3620.00,'2024-11-26 14:01:27',219,8),(651,'deposit',32490.00,'2025-01-05 13:36:50',219,18),(652,'withdraw',2022.00,'2025-08-06 13:29:39',219,12),(653,'withdraw',46680.00,'2025-05-22 13:01:07',219,1),(654,'deposit',38481.00,'2025-09-03 02:00:25',220,10),(655,'transfer',25434.00,'2025-01-06 15:49:28',221,4),(656,'deposit',2190.00,'2025-07-17 12:18:37',221,3),(657,'transfer',46145.00,'2024-11-10 12:10:15',222,8),(658,'withdraw',39221.00,'2024-11-09 22:13:44',222,4),(659,'deposit',31198.00,'2025-09-13 22:36:48',223,4),(660,'withdraw',48070.00,'2024-10-19 22:48:38',223,4),(661,'withdraw',13259.00,'2024-10-20 05:51:19',223,8),(662,'transfer',34910.00,'2025-02-10 08:42:40',223,9),(663,'deposit',17980.00,'2025-07-06 18:15:28',224,16),(664,'transfer',29092.00,'2025-08-24 16:19:47',225,18),(665,'deposit',11943.00,'2025-02-07 17:04:56',226,11),(666,'deposit',43430.00,'2025-06-17 19:19:29',227,10),(667,'deposit',37388.00,'2025-08-23 19:25:11',228,17),(668,'withdraw',33423.00,'2024-11-30 05:33:48',228,9),(669,'transfer',4560.00,'2024-11-06 04:18:21',228,16),(670,'withdraw',43133.00,'2025-05-17 22:51:16',228,16),(671,'withdraw',16030.00,'2025-03-17 15:36:00',229,20),(672,'withdraw',39578.00,'2025-04-23 18:05:29',229,1),(673,'transfer',16349.00,'2025-06-11 20:43:30',229,10),(674,'deposit',49618.00,'2025-08-26 16:56:55',230,10),(675,'withdraw',22653.00,'2025-04-18 19:43:40',230,4),(676,'deposit',3554.00,'2024-12-11 01:07:56',230,18),(677,'transfer',34237.00,'2025-08-09 04:54:30',231,18),(678,'transfer',41589.00,'2024-12-24 14:12:35',231,10),(679,'withdraw',44004.00,'2025-01-12 18:38:24',231,4),(680,'deposit',15473.00,'2025-09-15 17:16:55',232,20),(681,'transfer',20434.00,'2025-05-18 14:49:08',233,19),(682,'deposit',1373.00,'2025-01-06 22:24:12',234,9),(683,'transfer',29412.00,'2024-11-19 08:01:15',234,9),(684,'withdraw',40403.00,'2025-09-18 17:30:42',235,12),(685,'transfer',9929.00,'2024-11-17 15:46:21',236,20),(686,'deposit',30853.00,'2025-06-04 00:08:12',236,18),(687,'transfer',23228.00,'2025-01-27 16:20:12',236,8),(688,'transfer',28646.00,'2025-07-13 03:27:44',236,8),(689,'withdraw',13040.00,'2025-03-14 06:00:23',237,13),(690,'withdraw',5701.00,'2025-08-16 03:17:46',237,14),(691,'deposit',48080.00,'2024-11-28 12:35:19',237,16),(692,'withdraw',38491.00,'2024-10-03 13:36:10',238,6),(693,'transfer',44906.00,'2025-05-20 07:05:41',239,6),(694,'deposit',26729.00,'2025-07-27 13:01:58',239,10),(695,'transfer',37729.00,'2025-02-08 23:17:14',239,11),(696,'withdraw',4813.00,'2025-01-20 22:46:31',239,7),(697,'transfer',44467.00,'2024-12-27 08:52:09',240,10),(698,'deposit',40522.00,'2025-03-13 10:28:13',240,3),(699,'deposit',25293.00,'2025-07-06 12:37:06',240,3),(700,'withdraw',27642.00,'2024-12-06 04:16:13',240,11),(701,'withdraw',19356.00,'2025-02-09 02:14:52',240,18),(702,'transfer',4690.00,'2025-01-08 17:22:38',241,12),(703,'withdraw',31365.00,'2024-12-18 02:29:25',242,16),(704,'deposit',47746.00,'2025-07-16 23:34:27',243,19),(705,'deposit',2024.00,'2024-10-22 17:46:20',243,9),(706,'deposit',46572.00,'2025-04-22 03:31:47',243,16),(707,'deposit',46580.00,'2025-08-18 07:43:49',243,5),(708,'deposit',17427.00,'2025-08-10 21:37:41',244,14),(709,'withdraw',12451.00,'2025-07-21 11:12:54',244,8),(710,'deposit',34115.00,'2024-12-25 18:29:31',245,17),(711,'deposit',29146.00,'2024-11-20 05:00:52',245,1),(712,'deposit',22763.00,'2024-10-20 17:45:02',245,9),(713,'withdraw',37866.00,'2025-07-25 03:36:49',246,17),(714,'withdraw',177.00,'2025-04-11 05:00:09',246,18),(715,'deposit',35405.00,'2025-05-27 19:12:07',247,12),(716,'withdraw',31178.00,'2024-09-30 15:23:36',247,7),(717,'withdraw',11648.00,'2024-11-08 13:39:53',247,3),(718,'transfer',20539.00,'2025-06-08 08:35:15',247,9),(719,'transfer',1810.00,'2024-12-16 22:42:17',248,1),(720,'deposit',13579.00,'2025-08-26 10:11:33',249,3),(721,'withdraw',9391.00,'2025-07-27 17:50:37',249,8),(722,'deposit',33384.00,'2024-12-26 12:09:53',249,3),(723,'transfer',17262.00,'2025-08-16 17:44:50',249,18),(724,'deposit',48118.00,'2025-07-10 18:23:18',249,5),(725,'withdraw',19995.00,'2024-09-29 05:22:04',250,16),(726,'transfer',44256.00,'2025-05-25 23:23:34',251,5),(727,'withdraw',29130.00,'2025-07-05 17:14:34',251,7),(728,'withdraw',24367.00,'2025-08-03 22:03:52',251,19),(729,'deposit',48770.00,'2025-08-10 08:52:57',252,16),(730,'deposit',5967.00,'2025-06-07 23:02:13',252,3),(731,'withdraw',30216.00,'2025-01-01 18:42:26',253,16),(732,'withdraw',41522.00,'2025-07-20 12:38:07',253,10),(733,'transfer',31426.00,'2024-12-15 21:06:20',253,15),(734,'transfer',18798.00,'2025-05-26 18:42:33',253,15),(735,'deposit',14283.00,'2025-07-09 00:02:15',254,16),(736,'deposit',22185.00,'2025-07-07 01:55:30',254,8),(737,'withdraw',18519.00,'2024-09-30 00:09:51',255,5),(738,'withdraw',37772.00,'2024-11-07 22:41:55',255,5),(739,'withdraw',19729.00,'2024-12-24 11:31:23',255,20),(740,'withdraw',15938.00,'2025-09-01 20:33:21',255,18),(741,'deposit',49627.00,'2025-06-18 06:29:47',255,1),(742,'withdraw',22031.00,'2025-07-23 02:08:32',256,14),(743,'transfer',5267.00,'2025-01-17 07:46:31',256,9),(744,'deposit',23887.00,'2025-01-07 18:17:48',256,5),(745,'transfer',43850.00,'2025-07-15 07:18:40',256,13),(746,'deposit',18130.00,'2024-09-20 23:03:42',257,3),(747,'transfer',44240.00,'2025-05-09 13:59:06',257,8),(748,'withdraw',36969.00,'2024-11-26 08:04:22',257,16),(749,'transfer',28991.00,'2025-05-03 02:26:10',258,20),(750,'withdraw',24143.00,'2024-10-17 06:55:59',258,6),(751,'deposit',39970.00,'2025-06-05 16:41:48',258,8),(752,'deposit',47921.00,'2025-03-04 03:33:12',259,16),(753,'transfer',2541.00,'2024-12-25 05:58:27',259,11),(754,'deposit',1576.00,'2024-11-26 00:07:14',259,2),(755,'transfer',41274.00,'2024-11-25 02:14:11',260,3),(756,'transfer',11152.00,'2025-09-05 02:19:48',260,9),(757,'withdraw',41479.00,'2024-10-31 13:01:24',260,6),(758,'transfer',39431.00,'2025-02-24 01:16:54',260,9),(759,'deposit',45601.00,'2025-07-24 04:53:25',261,6),(760,'withdraw',3042.00,'2025-09-08 06:42:04',261,18),(761,'transfer',41887.00,'2024-09-23 06:50:40',262,4),(762,'transfer',15861.00,'2025-02-24 07:13:47',262,19),(763,'deposit',40773.00,'2025-01-17 12:26:40',262,17),(764,'deposit',13666.00,'2025-03-18 20:55:15',262,19),(765,'deposit',19262.00,'2025-03-20 20:13:22',262,2),(766,'transfer',5366.00,'2025-04-21 16:51:42',263,1),(767,'transfer',30373.00,'2025-07-18 05:11:27',263,5),(768,'withdraw',48252.00,'2025-03-15 00:29:35',263,5),(769,'withdraw',5784.00,'2025-06-24 19:33:06',263,1),(770,'deposit',44536.00,'2024-10-07 22:12:52',264,12),(771,'withdraw',16039.00,'2025-07-15 15:11:27',264,15),(772,'deposit',43271.00,'2024-10-25 12:09:06',265,8),(773,'transfer',33057.00,'2024-11-11 16:44:22',265,6),(774,'transfer',25661.00,'2025-06-17 13:36:56',265,3),(775,'withdraw',2700.00,'2025-03-23 15:18:59',265,3),(776,'deposit',25681.00,'2025-05-10 20:28:13',266,12),(777,'transfer',1709.00,'2025-07-08 19:04:33',266,5),(778,'withdraw',46345.00,'2025-04-27 01:34:22',266,5),(779,'deposit',17606.00,'2025-02-14 23:37:47',267,17),(780,'deposit',36451.00,'2025-05-24 02:48:42',267,6),(781,'transfer',28776.00,'2025-05-25 19:29:58',267,17),(782,'deposit',37488.00,'2025-03-17 05:53:03',268,14),(783,'withdraw',47972.00,'2025-07-31 19:38:14',268,2),(784,'transfer',44925.00,'2025-07-24 07:55:00',268,4),(785,'withdraw',24983.00,'2024-12-28 02:41:23',269,7),(786,'deposit',28993.00,'2025-07-29 00:49:24',269,16),(787,'withdraw',46114.00,'2025-01-20 10:04:36',269,5),(788,'transfer',26966.00,'2025-03-17 05:23:02',270,10),(789,'deposit',34232.00,'2024-12-29 01:26:58',271,4),(790,'deposit',43801.00,'2025-01-27 13:59:57',271,4),(791,'withdraw',34495.00,'2025-08-12 02:28:30',271,12),(792,'withdraw',9162.00,'2024-12-01 22:42:03',271,20),(793,'withdraw',20564.00,'2025-06-04 16:54:26',272,7),(794,'transfer',24605.00,'2025-06-15 04:01:10',272,16),(795,'deposit',15319.00,'2025-07-29 21:15:20',272,8),(796,'deposit',33740.00,'2024-12-26 20:55:56',272,15),(797,'withdraw',1567.00,'2025-02-07 06:46:29',273,10),(798,'transfer',31716.00,'2025-04-27 22:12:18',273,10),(799,'withdraw',20586.00,'2025-09-09 15:45:47',273,11),(800,'withdraw',30126.00,'2024-12-09 18:50:27',273,8),(801,'transfer',44443.00,'2025-06-08 13:36:17',274,2),(802,'deposit',2923.00,'2024-11-12 11:55:58',274,10),(803,'deposit',7668.00,'2025-09-15 13:16:38',274,13),(804,'deposit',45360.00,'2025-04-19 01:51:36',274,16),(805,'deposit',24341.00,'2024-11-03 07:55:35',275,8),(806,'withdraw',19093.00,'2025-03-13 01:12:36',275,14),(807,'transfer',29130.00,'2024-10-08 12:28:26',275,14),(808,'deposit',41057.00,'2025-07-24 16:11:53',275,19),(809,'transfer',23509.00,'2025-07-16 09:20:46',275,20),(810,'transfer',47717.00,'2025-01-05 00:21:49',276,5),(811,'transfer',37525.00,'2025-08-04 08:55:03',276,17),(812,'withdraw',14302.00,'2025-04-04 17:56:05',276,17),(813,'transfer',9237.00,'2025-08-14 15:10:35',276,9),(814,'transfer',5214.00,'2025-02-06 14:42:50',277,1),(815,'deposit',13853.00,'2024-12-07 05:41:37',277,12),(816,'transfer',15870.00,'2025-01-30 07:24:21',277,10),(817,'withdraw',48673.00,'2024-10-15 17:42:17',277,11),(818,'withdraw',27126.00,'2025-07-11 15:21:22',277,3),(819,'deposit',5001.00,'2024-10-26 15:58:39',278,20),(820,'deposit',2650.00,'2024-12-17 15:43:03',278,14),(821,'deposit',32820.00,'2024-11-30 19:01:48',279,3),(822,'withdraw',20329.00,'2024-12-18 05:55:46',280,5),(823,'transfer',37067.00,'2025-04-16 00:48:35',280,12),(824,'transfer',36784.00,'2025-03-27 00:40:31',280,6),(825,'deposit',49786.00,'2025-06-29 03:55:20',280,16),(826,'transfer',12022.00,'2025-01-11 12:33:23',281,10),(827,'withdraw',43809.00,'2025-09-14 04:39:53',282,1),(828,'deposit',29875.00,'2025-04-25 08:32:11',282,9),(829,'withdraw',12304.00,'2025-05-01 05:38:38',282,13),(830,'deposit',6406.00,'2025-05-11 09:36:51',282,10),(831,'transfer',22638.00,'2025-02-24 02:35:18',282,9),(832,'deposit',23167.00,'2025-04-06 19:37:33',283,15),(833,'deposit',30350.00,'2025-05-23 04:24:13',283,11),(834,'transfer',24741.00,'2025-03-01 00:03:21',283,5),(835,'deposit',30571.00,'2024-09-19 21:49:04',283,15),(836,'withdraw',42419.00,'2024-10-27 10:41:32',283,3),(837,'transfer',8163.00,'2025-08-08 03:54:10',284,20),(838,'transfer',3778.00,'2025-05-31 13:48:24',284,8),(839,'deposit',29794.00,'2024-11-20 07:16:54',284,2),(840,'withdraw',47922.00,'2024-09-19 11:41:54',284,1),(841,'transfer',9598.00,'2025-01-18 22:56:26',284,14),(842,'withdraw',10435.00,'2025-08-04 12:41:35',285,9),(843,'transfer',45222.00,'2024-12-27 09:06:55',285,2),(844,'withdraw',8919.00,'2025-06-22 07:56:50',285,4),(845,'withdraw',35219.00,'2024-11-19 22:01:18',285,9),(846,'withdraw',3502.00,'2024-10-16 20:13:16',286,14),(847,'withdraw',1977.00,'2025-03-25 17:09:44',286,1),(848,'deposit',33797.00,'2025-03-09 22:13:02',286,6),(849,'withdraw',46859.00,'2025-02-12 06:35:18',286,13),(850,'deposit',9913.00,'2024-11-05 12:02:48',286,3),(851,'transfer',10737.00,'2024-09-22 14:40:57',287,13),(852,'transfer',10078.00,'2025-01-12 10:04:16',287,19),(853,'deposit',34441.00,'2024-10-18 04:11:13',287,3),(854,'transfer',16648.00,'2024-11-17 05:48:18',288,20),(855,'withdraw',15623.00,'2025-02-12 20:41:32',288,11),(856,'transfer',18072.00,'2025-02-11 23:00:12',288,19),(857,'transfer',6641.00,'2025-07-04 16:31:40',289,12),(858,'transfer',30458.00,'2024-12-15 04:36:44',289,4),(859,'withdraw',13828.00,'2025-07-03 02:54:52',289,10),(860,'transfer',10210.00,'2025-04-05 17:07:46',289,17),(861,'deposit',12699.00,'2025-07-10 19:20:11',289,20),(862,'withdraw',46646.00,'2024-12-12 12:34:42',290,20),(863,'withdraw',2322.00,'2025-01-04 21:05:33',291,7),(864,'deposit',33718.00,'2025-04-18 10:49:42',292,17),(865,'deposit',1621.00,'2025-06-14 07:41:10',292,7),(866,'deposit',23797.00,'2025-08-24 17:18:30',292,16),(867,'deposit',27605.00,'2024-11-08 19:34:57',293,15),(868,'transfer',23550.00,'2025-02-25 07:20:42',294,6),(869,'transfer',24562.00,'2025-08-05 14:14:25',295,7),(870,'deposit',25706.00,'2025-02-25 10:10:15',295,11),(871,'deposit',19918.00,'2025-06-03 15:58:03',296,4),(872,'withdraw',20645.00,'2025-02-21 02:47:02',296,12),(873,'withdraw',43339.00,'2024-10-21 13:15:32',296,17),(874,'transfer',466.00,'2024-11-28 14:46:54',296,7),(875,'deposit',41666.00,'2025-08-10 17:54:13',296,9),(876,'withdraw',48946.00,'2025-01-01 16:16:13',297,14);
/*!40000 ALTER TABLE `transactions` ENABLE KEYS */;
UNLOCK TABLES;
/*!40103 SET TIME_ZONE=@OLD_TIME_ZONE */;

/*!40101 SET SQL_MODE=@OLD_SQL_MODE */;
/*!40014 SET FOREIGN_KEY_CHECKS=@OLD_FOREIGN_KEY_CHECKS */;
/*!40014 SET UNIQUE_CHECKS=@OLD_UNIQUE_CHECKS */;
/*!40101 SET CHARACTER_SET_CLIENT=@OLD_CHARACTER_SET_CLIENT */;
/*!40101 SET CHARACTER_SET_RESULTS=@OLD_CHARACTER_SET_RESULTS */;
/*!40101 SET COLLATION_CONNECTION=@OLD_COLLATION_CONNECTION */;
/*!40111 SET SQL_NOTES=@OLD_SQL_NOTES */;

-- Dump completed on 2025-09-19 14:40:49
